531,100seq,Sequence 100,Sequence 250,Transformer Encoder,LSTM
1,-0.049656868,0.188323917,-0.033797741,-0.550689459,-3.936056137
2,0.014732003,0.376647834,0.040593982,-0.224771976,-0.179480076
3,0.024021685,0.564971751,0.045891523,-0.176066041,0.065961182
4,0.03649497,0.753295669,0.060414851,-0.087758303,0.089715302
5,0.052679658,0.941619586,0.0628649,0.082799733,0.113673389
6,0.054341435,1.129943503,0.085199833,0.096084297,0.11606878
7,0.060307145,1.31826742,0.113851428,0.099438548,0.123276234
8,0.065146029,1.506591337,0.116099596,0.110510826,0.148452103
9,0.073321819,1.694915254,0.117217183,0.13136369,0.185734868
10,0.079615057,1.883239171,0.118797243,0.14295423,0.190271854
11,0.099749684,2.071563089,0.119294882,0.146859825,0.210113585
12,0.103756607,2.259887006,0.127314866,0.170648813,0.237795293
13,0.10889411,2.448210923,0.127908051,0.180092335,0.239028335
14,0.111465752,2.63653484,0.134905934,0.182070017,0.265137017
15,0.114887595,2.824858757,0.140967369,0.208985567,0.290855706
16,0.115389884,3.013182674,0.141240001,0.256293833,0.299356163
17,0.116541028,3.201506591,0.147076368,0.265597045,0.311517835
18,0.122446477,3.389830508,0.14759922,0.27397424,0.315790057
19,0.12662679,3.578154426,0.149024785,0.277230024,0.320134401
20,0.131485343,3.766478343,0.153955638,0.279582143,0.328334928
21,0.132958889,3.95480226,0.154564142,0.293457627,0.328453064
22,0.136553228,4.143126177,0.157371342,0.303485096,0.329893351
23,0.136873484,4.331450094,0.160256624,0.311805844,0.330138743
24,0.142305315,4.519774011,0.165298998,0.329508901,0.35766077
25,0.142567933,4.708097928,0.170276403,0.333646715,0.362908363
26,0.142844319,4.896421846,0.174571633,0.337829053,0.364092231
27,0.146022677,5.084745763,0.175544381,0.352763832,0.379206657
28,0.150338888,5.27306968,0.176734447,0.361037552,0.380997896
29,0.150563538,5.461393597,0.177893162,0.364457071,0.383229136
30,0.153205693,5.649717514,0.187105179,0.372938275,0.38521415
31,0.156068802,5.838041431,0.187842965,0.377375543,0.385758996
32,0.156133056,6.026365348,0.18920356,0.381755888,0.389610589
33,0.158925056,6.214689266,0.189908683,0.381999969,0.391550541
34,0.161779881,6.403013183,0.190234721,0.396580935,0.394664884
35,0.162655771,6.5913371,0.193443298,0.400436401,0.394904792
36,0.169295549,6.779661017,0.194540739,0.400462925,0.396605551
37,0.173734069,6.967984934,0.198427081,0.402906775,0.398060501
38,0.181382,7.156308851,0.202325106,0.406906247,0.399242997
39,0.186732531,7.344632768,0.204129457,0.407250643,0.411834419
40,0.189405739,7.532956685,0.208925128,0.414321125,0.414577901
41,0.189472079,7.721280603,0.209786296,0.414868712,0.418297589
42,0.191511214,7.90960452,0.214692116,0.420814037,0.418449342
43,0.193180263,8.097928437,0.214894772,0.423303187,0.424270988
44,0.198054969,8.286252354,0.220475554,0.423817098,0.429832995
45,0.199726582,8.474576271,0.222096503,0.423821151,0.431918263
46,0.201463044,8.662900188,0.222187579,0.426255882,0.433043659
47,0.203674853,8.851224105,0.224663854,0.426326931,0.447982609
48,0.204777241,9.039548023,0.227663159,0.42799598,0.450082302
49,0.2106148,9.22787194,0.230300784,0.428731978,0.453907192
50,0.211161613,9.416195857,0.230635762,0.442932367,0.454567432
51,0.219799757,9.604519774,0.23433274,0.444336355,0.460021555
52,0.221098185,9.792843691,0.245777011,0.446798921,0.461952507
53,0.221490324,9.981167608,0.246326387,0.449344873,0.461987913
54,0.222736597,10.16949153,0.247585177,0.45002991,0.472273409
55,0.223308206,10.35781544,0.248153031,0.460706055,0.473450959
56,0.227665126,10.54613936,0.249117315,0.462987125,0.479430974
57,0.228192568,10.73446328,0.252011776,0.46320492,0.479815602
58,0.231448412,10.92278719,0.255897939,0.46789366,0.480743885
59,0.234608293,11.11111111,0.25639838,0.46865803,0.485285044
60,0.238039255,11.29943503,0.257883728,0.470094502,0.486993313
61,0.243782401,11.48775895,0.26090616,0.471773148,0.48741442
62,0.244593322,11.67608286,0.26178962,0.474443793,0.489817083
63,0.245146871,11.86440678,0.263553143,0.476649225,0.494362056
64,0.245297611,12.0527307,0.265203476,0.479845524,0.494818807
65,0.246765196,12.24105461,0.267574191,0.483053327,0.495132804
66,0.247440636,12.42937853,0.267650962,0.48366189,0.495874107
67,0.25078702,12.61770245,0.270244539,0.485310078,0.496509731
68,0.25246942,12.80602637,0.270400465,0.486758113,0.501123786
69,0.254747212,12.99435028,0.272364318,0.492272854,0.504873842
70,0.255850792,13.1826742,0.272818625,0.49259907,0.513397962
71,0.26198262,13.37099812,0.272963703,0.49516809,0.51528874
72,0.265026331,13.55932203,0.27367121,0.503175586,0.515626818
73,0.270343065,13.74764595,0.275010347,0.504471183,0.516193062
74,0.27124691,13.93596987,0.275352359,0.506721675,0.516586095
75,0.272171497,14.12429379,0.275561333,0.507744461,0.51859495
76,0.275995195,14.3126177,0.278156161,0.509988219,0.520032585
77,0.282431126,14.50094162,0.278307378,0.511558384,0.521946907
78,0.282861054,14.68926554,0.278694093,0.514665961,0.526634097
79,0.284435153,14.87758945,0.279609442,0.515341938,0.526734024
80,0.285850883,15.06591337,0.280041039,0.51808098,0.52824527
81,0.286357224,15.25423729,0.280132711,0.519028217,0.530394375
82,0.286563098,15.44256121,0.281296611,0.519990325,0.530680805
83,0.287525415,15.63088512,0.281398952,0.520987809,0.531584263
84,0.287863374,15.81920904,0.282558799,0.529122829,0.531988174
85,0.288540781,16.00753296,0.282920599,0.529856384,0.532381684
86,0.28922224,16.19585687,0.284619868,0.531074286,0.534363508
87,0.289420307,16.38418079,0.284994364,0.531930059,0.534925401
88,0.290893495,16.57250471,0.28538084,0.532839209,0.536744028
89,0.29179424,16.76082863,0.285859764,0.537157655,0.536973238
90,0.292094469,16.94915254,0.287495315,0.538111091,0.538712591
91,0.292097151,17.13747646,0.287719429,0.538829327,0.539011449
92,0.292260706,17.32580038,0.288683951,0.545523494,0.541481555
93,0.29303503,17.51412429,0.289139092,0.546397895,0.542893171
94,0.293498755,17.70244821,0.289712489,0.552469343,0.543392837
95,0.294281363,17.89077213,0.289836109,0.558794618,0.543819815
96,0.294799984,18.07909605,0.292810619,0.559370011,0.545260608
97,0.295015812,18.26741996,0.293173015,0.559370846,0.546515524
98,0.295015812,18.45574388,0.293692112,0.561352193,0.5475007
99,0.296866417,18.6440678,0.296030223,0.566185623,0.547748178
100,0.297345996,18.83239171,0.296592474,0.567638069,0.547909141
101,0.299949944,19.02071563,0.298403561,0.567750782,0.549868435
102,0.300417602,19.20903955,0.302999079,0.569239885,0.551299274
103,0.302181721,19.39736347,0.303570628,0.570333093,0.553834468
104,0.303323925,19.58568738,0.305148304,0.572582096,0.55769363
105,0.30422616,19.7740113,0.30570811,0.574998498,0.561458319
106,0.304502726,19.96233522,0.30780679,0.575338423,0.565183401
107,0.304736912,20.15065913,0.309952021,0.576227874,0.569559216
108,0.306351423,20.33898305,0.311313391,0.576603085,0.574400991
109,0.307871819,20.52730697,0.312079787,0.57708618,0.575045437
110,0.311179042,20.71563089,0.312728226,0.583136261,0.575181961
111,0.312611222,20.9039548,0.313275635,0.583303422,0.578484565
112,0.313788354,21.09227872,0.313503027,0.584348142,0.580186367
113,0.314486921,21.28060264,0.314867139,0.586499691,0.582001626
114,0.316213191,21.46892655,0.318074763,0.587253988,0.583212018
115,0.316904187,21.65725047,0.322655141,0.588317424,0.583682477
116,0.318882704,21.84557439,0.324448824,0.589005321,0.585788012
117,0.32468009,22.03389831,0.330424547,0.589712888,0.587285906
118,0.326497138,22.22222222,0.330791712,0.591902077,0.588801175
119,0.328708351,22.41054614,0.332747698,0.592553049,0.590866327
120,0.32885325,22.59887006,0.336999297,0.592694253,0.593362868
121,0.339150846,22.78719397,0.340781689,0.595805913,0.594435036
122,0.339356184,22.97551789,0.343515038,0.599947453,0.596548706
123,0.34046787,23.16384181,0.343815744,0.601375729,0.596722811
124,0.342807114,23.35216573,0.344412148,0.601578057,0.596965224
125,0.346522212,23.54048964,0.345986962,0.601988196,0.597242951
126,0.34850812,23.72881356,0.347531796,0.602309644,0.599674284
127,0.349987328,23.91713748,0.349379718,0.602416515,0.599710464
128,0.351581454,24.10546139,0.351496637,0.60256657,0.601745695
129,0.353090465,24.29378531,0.351882815,0.603169501,0.603083134
130,0.353664815,24.48210923,0.352031648,0.603697032,0.603789151
131,0.354765475,24.67043315,0.354365587,0.603872359,0.604399711
132,0.357099533,24.85875706,0.355021954,0.604669839,0.605177641
133,0.359607518,25.04708098,0.357646763,0.605498195,0.606444925
134,0.364062667,25.2354049,0.357775509,0.605682462,0.606615663
135,0.368795514,25.42372881,0.35950464,0.605818748,0.608656049
136,0.370597422,25.61205273,0.359802186,0.606589079,0.608731091
137,0.370745301,25.80037665,0.360031366,0.606942564,0.612475902
138,0.37529999,25.98870056,0.36084497,0.607240945,0.613064051
139,0.375666499,26.17702448,0.361408532,0.607358247,0.617287427
140,0.37586832,26.3653484,0.362664878,0.607676387,0.617459148
141,0.378522277,26.55367232,0.363758624,0.609353632,0.61904636
142,0.382798493,26.74199623,0.364208519,0.610333532,0.62055254
143,0.383104742,26.93032015,0.369714856,0.61121428,0.622331917
144,0.383225679,27.11864407,0.372018158,0.6135782,0.622776777
145,0.386051774,27.30696798,0.372072339,0.613700897,0.623563677
146,0.387394845,27.4952919,0.372826755,0.61817804,0.627736211
147,0.387741983,27.68361582,0.379790127,0.620683134,0.630444169
148,0.388211727,27.87193974,0.380618393,0.620739371,0.631094128
149,0.388715386,28.06026365,0.381912291,0.6208269,0.631268233
150,0.390033662,28.24858757,0.382565498,0.620855957,0.631390631
151,0.390686393,28.43691149,0.387798965,0.621516883,0.631912768
152,0.391463101,28.6252354,0.388185143,0.623010814,0.632280082
153,0.392744541,28.81355932,0.391267002,0.62315467,0.634203643
154,0.393428028,29.00188324,0.391447842,0.623888522,0.634647012
155,0.394261122,29.19020716,0.392987967,0.626369745,0.637553245
156,0.395066142,29.37853107,0.395117223,0.628367335,0.637842923
157,0.395865202,29.56685499,0.397617102,0.629710823,0.638552159
158,0.400466084,29.75517891,0.399389863,0.630249351,0.639141202
159,0.401316941,29.94350282,0.399759412,0.63025555,0.639239222
160,0.402400434,30.13182674,0.400241733,0.630536258,0.640581787
161,0.406191528,30.32015066,0.402373433,0.633667082,0.641034931
162,0.409377635,30.50847458,0.40380317,0.634475589,0.642798245
163,0.410516024,30.69679849,0.404591978,0.634676993,0.643744528
164,0.41173619,30.88512241,0.405928493,0.635235369,0.644368142
165,0.411800206,31.07344633,0.406821191,0.635498673,0.644395649
166,0.41373843,31.26177024,0.410958648,0.635954469,0.644480139
167,0.416322529,31.45009416,0.413510501,0.638141781,0.64568004
168,0.419197977,31.63841808,0.415055096,0.639461488,0.645700455
169,0.423199356,31.826742,0.417266726,0.639683872,0.645715684
170,0.423786104,32.01506591,0.418617606,0.64022094,0.646068215
171,0.424555123,32.20338983,0.419003308,0.640773505,0.646119148
172,0.428109348,32.39171375,0.419184923,0.641287416,0.646445543
173,0.432356298,32.58003766,0.420679927,0.64196375,0.646903664
174,0.434933186,32.76836158,0.42194289,0.642280221,0.646932334
175,0.437498629,32.9566855,0.425595522,0.642409086,0.64725697
176,0.437784493,33.14500942,0.425930798,0.643675685,0.647338837
177,0.437953234,33.33333333,0.426175952,0.643737972,0.648054481
178,0.438512683,33.52165725,0.432695866,0.644544303,0.649016172
179,0.440326333,33.70998117,0.433462381,0.64663437,0.64949286
180,0.441531897,33.89830508,0.434604883,0.648997337,0.649662793
181,0.44243443,34.086629,0.436588466,0.652103662,0.650562257
182,0.44431448,34.27495292,0.437582731,0.654065788,0.651648074
183,0.44480139,34.46327684,0.43886888,0.654973567,0.652263135
184,0.445863366,34.65160075,0.439185143,0.655882001,0.65301913
185,0.446380019,34.83992467,0.441276014,0.656311512,0.654136568
186,0.447799325,35.02824859,0.441602111,0.657378793,0.654187351
187,0.448020279,35.2165725,0.442193866,0.6587421,0.654314518
188,0.448201358,35.40489642,0.445124745,0.658964634,0.655276835
189,0.448343635,35.59322034,0.445939302,0.659414291,0.656122595
190,0.448879063,35.78154426,0.447563469,0.65981853,0.658812255
191,0.449572325,35.96986817,0.450597763,0.659983635,0.659151316
192,0.449673891,36.15819209,0.450679541,0.661441028,0.66058141
193,0.453378558,36.34651601,0.452050745,0.662518084,0.661091715
194,0.454878032,36.53483992,0.452272177,0.663271576,0.661549628
195,0.455226541,36.72316384,0.453657031,0.663879871,0.662276775
196,0.456048071,36.91148776,0.453811824,0.664011151,0.662734509
197,0.457016349,37.09981168,0.457162678,0.664203554,0.663944006
198,0.457132399,37.28813559,0.457493067,0.665381253,0.664360046
199,0.458103299,37.47645951,0.459517479,0.665586799,0.664546251
200,0.46192795,37.66478343,0.461043894,0.665988117,0.665508211
201,0.464513719,37.85310734,0.461372912,0.666102588,0.665670633
202,0.466920912,38.04143126,0.461933017,0.666535378,0.66608119
203,0.468344569,38.22975518,0.462070644,0.667397916,0.668793589
204,0.468393683,38.4180791,0.462177396,0.669057459,0.669716477
205,0.469768107,38.60640301,0.463510931,0.669224977,0.669863939
206,0.475647748,38.79472693,0.467107832,0.669941753,0.670045465
207,0.476918936,38.98305085,0.471165419,0.670472622,0.670200169
208,0.479071856,39.17137476,0.47147882,0.670634687,0.670217872
209,0.479310811,39.35969868,0.472493589,0.670748919,0.670347154
210,0.48535496,39.5480226,0.473489046,0.671783507,0.670797825
211,0.48723191,39.73634652,0.473566413,0.673085481,0.670876563
212,0.488806248,39.92467043,0.477615356,0.673967272,0.671121448
213,0.489021778,40.11299435,0.478058696,0.674336404,0.671907008
214,0.490469873,40.30131827,0.478239655,0.674381346,0.673867106
215,0.490876853,40.48964218,0.478537142,0.674426466,0.67393434
216,0.491565824,40.6779661,0.479544997,0.676730096,0.675127327
217,0.49195087,40.86629002,0.48709923,0.677257836,0.676665753
218,0.492029488,41.05461394,0.489259958,0.678411484,0.677120537
219,0.493250132,41.24293785,0.4894315,0.678769529,0.678279251
220,0.498306334,41.43126177,0.489613056,0.678792059,0.678565472
221,0.498829961,41.61958569,0.49038738,0.679789871,0.678577751
222,0.499049544,41.8079096,0.491772592,0.679927617,0.678614229
223,0.499368727,41.99623352,0.493481398,0.680003643,0.678890795
224,0.502124131,42.18455744,0.493878603,0.680107445,0.678968936
225,0.503603011,42.37288136,0.494074106,0.681024373,0.679356426
226,0.507370114,42.56120527,0.497165561,0.681587398,0.6795609
227,0.508360654,42.74952919,0.498630285,0.682650745,0.68065989
228,0.508762777,42.93785311,0.49951601,0.6831806,0.680855542
229,0.511377931,43.12617702,0.500432462,0.683223099,0.680869132
230,0.514028013,43.31450094,0.503030688,0.684220254,0.68105498
231,0.51675579,43.50282486,0.503503412,0.686108887,0.682661206
232,0.517618299,43.69114878,0.505827129,0.686520725,0.682831556
233,0.518039316,43.87947269,0.506572664,0.686592847,0.683104575
234,0.518812329,44.06779661,0.508465976,0.687111437,0.683307409
235,0.519311726,44.25612053,0.50894168,0.687243491,0.684135854
236,0.519730985,44.44444444,0.509904236,0.688957721,0.684315562
237,0.520450622,44.63276836,0.511965722,0.69007507,0.684759319
238,0.520797253,44.82109228,0.513076544,0.690525353,0.686341941
239,0.52293396,45.0094162,0.513640821,0.690713078,0.686724037
240,0.524509668,45.19774011,0.515712202,0.690724641,0.687014997
241,0.524664313,45.38606403,0.516898185,0.691200763,0.688015372
242,0.524868608,45.57438795,0.517921388,0.692100197,0.68846637
243,0.524909616,45.76271186,0.519579619,0.692483455,0.690717399
244,0.526954323,45.95103578,0.520987421,0.692585379,0.690808177
245,0.52815026,46.1393597,0.524412036,0.692608505,0.690872401
246,0.530758649,46.32768362,0.525095463,0.692721516,0.690962791
247,0.53324914,46.51600753,0.526895612,0.693119347,0.69117716
248,0.533575207,46.70433145,0.530493587,0.693152696,0.692313999
249,0.534590244,46.89265537,0.530886829,0.693541378,0.692687303
250,0.534828931,47.08097928,0.53394559,0.693547845,0.693992525
251,0.53494069,47.2693032,0.534681052,0.694961607,0.695006788
252,0.53654933,47.45762712,0.535548747,0.695117444,0.695310205
253,0.536801249,47.64595104,0.535591781,0.695327103,0.695367098
254,0.537973106,47.83427495,0.537918299,0.695405543,0.695647269
255,0.540901721,48.02259887,0.539151371,0.695418477,0.695686787
256,0.542803437,48.21092279,0.539928377,0.696146935,0.695991963
257,0.543269753,48.3992467,0.540133089,0.696160823,0.700081021
258,0.543959469,48.58757062,0.540703595,0.696518481,0.700209856
259,0.544761032,48.77589454,0.543186247,0.697164506,0.700450689
260,0.544867873,48.96421846,0.543581337,0.697653532,0.700705528
261,0.547408611,49.15254237,0.544998646,0.698871404,0.70083046
262,0.548438042,49.34086629,0.545334011,0.699236989,0.701097369
263,0.551324904,49.52919021,0.545957506,0.700183421,0.701485485
264,0.552330613,49.71751412,0.546484679,0.700206012,0.70156759
265,0.55303213,49.90583804,0.546955526,0.700501442,0.701720029
266,0.557760477,50.09416196,0.547968328,0.700613856,0.701834857
267,0.558189869,50.28248588,0.548853844,0.700916469,0.702793211
268,0.561129034,50.47080979,0.551173121,0.701378912,0.703182787
269,0.563132316,50.65913371,0.551657379,0.70377931,0.703739524
270,0.564224452,50.84745763,0.554268599,0.7060588,0.704109281
271,0.564822525,51.03578154,0.555859625,0.706132799,0.704653144
272,0.565386176,51.22410546,0.557252228,0.706284404,0.704731733
273,0.56544888,51.41242938,0.558059156,0.706291109,0.704861969
274,0.566392541,51.6007533,0.56136483,0.706687152,0.70491913
275,0.568083942,51.78907721,0.56205979,0.70705393,0.706210673
276,0.569532275,51.97740113,0.564203262,0.708145738,0.706729323
277,0.569865018,52.16572505,0.565383792,0.709002763,0.707001507
278,0.569936007,52.35404896,0.565704435,0.70981589,0.707613498
279,0.57180962,52.54237288,0.566448003,0.709985018,0.707707256
280,0.572270781,52.7306968,0.567434847,0.712362766,0.708520949
281,0.572896659,52.91902072,0.567497462,0.712912977,0.708865643
282,0.575077891,53.10734463,0.568606108,0.713422239,0.709022343
283,0.57559064,53.29566855,0.570631474,0.713699937,0.70932588
284,0.575619042,53.48399247,0.572390616,0.714077055,0.710635543
285,0.57567063,53.67231638,0.57381916,0.714230061,0.711108685
286,0.576139092,53.8606403,0.574398011,0.714232177,0.712045848
287,0.577090502,54.04896422,0.575347662,0.714249015,0.712190896
288,0.577202052,54.23728814,0.577981204,0.714313477,0.712193221
289,0.577950627,54.42561205,0.578533739,0.716078311,0.713753223
290,0.578882992,54.61393597,0.579737425,0.717172712,0.714126527
291,0.581535995,54.80225989,0.579883486,0.717289358,0.714309692
292,0.582832068,54.9905838,0.580485433,0.717409641,0.714427024
293,0.583118111,55.17890772,0.581464857,0.71873796,0.714813054
294,0.583775371,55.36723164,0.582201242,0.718771517,0.715090841
295,0.583980709,55.55555556,0.582276523,0.718880355,0.715854764
296,0.587813258,55.74387947,0.583158284,0.719305247,0.716892689
297,0.588776469,55.93220339,0.585631698,0.719736457,0.716914564
298,0.589855671,56.12052731,0.586417675,0.720106035,0.717550516
299,0.591737807,56.30885122,0.586987793,0.721845478,0.71761179
300,0.593746603,56.49717514,0.59065184,0.722989172,0.717772663
301,0.596229136,56.68549906,0.591118932,0.723597229,0.718070537
302,0.59649536,56.87382298,0.591796428,0.723862529,0.718145728
303,0.596522868,57.06214689,0.59457618,0.724072725,0.719245076
304,0.599243343,57.25047081,0.595153958,0.724132687,0.719953269
305,0.602732301,57.43879473,0.59788692,0.725144029,0.721983403
306,0.603479415,57.62711864,0.598343909,0.725505263,0.721992821
307,0.603706896,57.81544256,0.598940611,0.725918472,0.722362041
308,0.604537934,58.00376648,0.59922719,0.726818919,0.723183244
309,0.605617791,58.1920904,0.599624068,0.726874858,0.723236054
310,0.606098235,58.38041431,0.600800723,0.726928562,0.723389655
311,0.606768698,58.56873823,0.6030083,0.728252679,0.723519057
312,0.607850611,58.75706215,0.605371416,0.729587972,0.723741531
313,0.611969858,58.94538606,0.607103884,0.730259538,0.724207252
314,0.613933414,59.13370998,0.608673632,0.730487019,0.725092411
315,0.616087943,59.3220339,0.610142529,0.731355458,0.725328594
316,0.617401481,59.51035782,0.611751825,0.731412619,0.725611418
317,0.623828173,59.69868173,0.612277478,0.732057482,0.72573936
318,0.623876899,59.88700565,0.615184158,0.732781619,0.726108372
319,0.624248177,60.07532957,0.619550794,0.733928382,0.726498753
320,0.62622273,60.26365348,0.61966452,0.734735757,0.726728827
321,0.626296192,60.4519774,0.621006221,0.734736234,0.727086812
322,0.626538306,60.64030132,0.621368378,0.735239595,0.727133602
323,0.628251106,60.82862524,0.621441126,0.735246599,0.72832787
324,0.630392015,61.01694915,0.624369115,0.736025393,0.729160398
325,0.630398512,61.20527307,0.626068711,0.736109912,0.729939461
326,0.631638974,61.39359699,0.627949357,0.73648122,0.730367422
327,0.633899599,61.5819209,0.630461991,0.73659566,0.730854124
328,0.634527564,61.77024482,0.631270438,0.7377325,0.731200308
329,0.6358459,61.95856874,0.631381273,0.737943292,0.731382042
330,0.636498302,62.14689266,0.632032543,0.738598943,0.731755584
331,0.637131304,62.33521657,0.634749413,0.739379972,0.731998682
332,0.637913942,62.52354049,0.634935558,0.739436537,0.732096732
333,0.639568686,62.71186441,0.63515836,0.739720345,0.732099295
334,0.639828652,62.90018832,0.637027264,0.739881009,0.732211798
335,0.641205668,63.08851224,0.639881849,0.740212977,0.733933032
336,0.642384112,63.27683616,0.640193164,0.742038459,0.734845489
337,0.644770592,63.46516008,0.641050607,0.742695659,0.734903276
338,0.646259755,63.65348399,0.641509593,0.742765993,0.736034542
339,0.646272451,63.84180791,0.642294526,0.743459821,0.737477779
340,0.647473842,64.03013183,0.64386493,0.744759858,0.739211142
341,0.647778004,64.21845574,0.645151556,0.745173603,0.739410788
342,0.648873001,64.40677966,0.645159751,0.745218992,0.739706039
343,0.648997366,64.59510358,0.645333439,0.745385855,0.740270346
344,0.650635809,64.7834275,0.646586359,0.745950788,0.741004288
345,0.651528895,64.97175141,0.648323447,0.746363044,0.74319154
346,0.652615905,65.16007533,0.650603265,0.74656859,0.744623929
347,0.652738869,65.34839925,0.65108642,0.747220695,0.744630128
348,0.653029025,65.53672316,0.651614785,0.747827321,0.745757192
349,0.656349331,65.72504708,0.652034104,0.748869598,0.746346414
350,0.656980276,65.913371,0.655818015,0.74908179,0.746592849
351,0.658623576,66.10169492,0.656086713,0.749125153,0.746714622
352,0.659586936,66.29001883,0.656116813,0.749481857,0.746718258
353,0.659665346,66.47834275,0.657453746,0.749843061,0.746734023
354,0.660460472,66.66666667,0.65846014,0.750249684,0.747073889
355,0.660726607,66.85499058,0.658509612,0.750398174,0.747671962
356,0.66168806,67.0433145,0.659566432,0.750420198,0.748016924
357,0.662220418,67.23163842,0.660227269,0.751256287,0.74827981
358,0.665337503,67.41996234,0.663293421,0.751478866,0.748502374
359,0.665673763,67.60828625,0.663644314,0.752531514,0.750647277
360,0.665974796,67.79661017,0.665201634,0.753441527,0.751214117
361,0.666367024,67.98493409,0.667732835,0.753621861,0.752437577
362,0.667917669,68.173258,0.66903922,0.753743708,0.752510294
363,0.672365576,68.36158192,0.669178814,0.754570886,0.75284712
364,0.675701648,68.54990584,0.670780331,0.754822925,0.75442344
365,0.68085143,68.73822976,0.671449184,0.756050378,0.754810244
366,0.682016253,68.92655367,0.674068242,0.756553993,0.75493148
367,0.682697505,69.11487759,0.677224696,0.756619647,0.754954144
368,0.683239639,69.30320151,0.679888576,0.757115692,0.755522072
369,0.683845669,69.49152542,0.682150006,0.757515773,0.75575085
370,0.689258844,69.67984934,0.682376832,0.75811623,0.755835652
371,0.690850735,69.86817326,0.682690978,0.759502277,0.756460845
372,0.69142729,70.05649718,0.683238685,0.761531085,0.756641686
373,0.691914052,70.24482109,0.68555671,0.761675805,0.757973552
374,0.692446291,70.43314501,0.686213017,0.762280568,0.758145705
375,0.692521751,70.62146893,0.687211096,0.762337416,0.75889045
376,0.693368077,70.80979284,0.689654022,0.763618097,0.759215638
377,0.69601509,70.99811676,0.690003544,0.763785824,0.759745091
378,0.696651638,71.18644068,0.690328985,0.76403144,0.759858668
379,0.697060943,71.3747646,0.691616803,0.764362067,0.760319054
380,0.698802322,71.56308851,0.694477141,0.764466882,0.761164322
381,0.701243609,71.75141243,0.694740742,0.765064195,0.761224493
382,0.703577846,71.93973635,0.694812506,0.765377879,0.762422264
383,0.705037266,72.12806026,0.697308749,0.765658662,0.763619766
384,0.707533568,72.31638418,0.699492157,0.765903324,0.763749406
385,0.709107488,72.5047081,0.699707508,0.766779527,0.763848469
386,0.71095261,72.69303202,0.703697115,0.769351199,0.763864174
387,0.711992472,72.88135593,0.70614624,0.769691855,0.764793485
388,0.713798732,73.06967985,0.706819773,0.770386219,0.765020758
389,0.715348601,73.25800377,0.709117651,0.770505384,0.76621604
390,0.716249198,73.44632768,0.710350156,0.770539179,0.767846763
391,0.716366708,73.6346516,0.71321246,0.771655127,0.769758359
392,0.717926443,73.82297552,0.714170545,0.771948323,0.771246374
393,0.718649387,74.01129944,0.715219051,0.772504732,0.771533906
394,0.719666183,74.19962335,0.715602279,0.773080781,0.771940708
395,0.720523477,74.38794727,0.715820134,0.773459211,0.773592323
396,0.726967394,74.57627119,0.717354178,0.773556054,0.773739278
397,0.732064217,74.7645951,0.718309164,0.773812681,0.773859978
398,0.732755452,74.95291902,0.719125569,0.774148941,0.774932235
399,0.732840598,75.14124294,0.719887137,0.774557978,0.774955899
400,0.735835135,75.32956685,0.72217831,0.776917696,0.775252953
401,0.737077534,75.51789077,0.72294876,0.777284548,0.775461972
402,0.73950702,75.70621469,0.724822789,0.777472124,0.775579751
403,0.740611076,75.89453861,0.727013499,0.778173804,0.776124299
404,0.740965247,76.08286252,0.727575749,0.778709561,0.776159704
405,0.740971446,76.27118644,0.729320437,0.778812453,0.777451426
406,0.744106054,76.45951036,0.72943902,0.779313445,0.77772221
407,0.747168213,76.64783427,0.729805112,0.779366165,0.778051704
408,0.748820037,76.83615819,0.732370645,0.780010581,0.780514672
409,0.750069812,77.02448211,0.73376292,0.78039813,0.781001478
410,0.756857574,77.21280603,0.743284613,0.781923726,0.781729415
411,0.75950475,77.40112994,0.743970782,0.782227516,0.781971917
412,0.759564444,77.58945386,0.748425663,0.782754824,0.782553941
413,0.75987339,77.77777778,0.751192257,0.78342025,0.783578232
414,0.760978252,77.96610169,0.751246333,0.784150332,0.785339355
415,0.764138505,78.15442561,0.753078118,0.784936234,0.785623148
416,0.764891565,78.34274953,0.75632225,0.785772189,0.78742297
417,0.768613786,78.53107345,0.757617041,0.786854386,0.788267732
418,0.772526845,78.71939736,0.761299804,0.787047103,0.788763434
419,0.773424476,78.90772128,0.765862286,0.788791671,0.789537489
420,0.773913845,79.0960452,0.767072722,0.790107042,0.789678708
421,0.775231287,79.28436911,0.768842772,0.791809753,0.789786309
422,0.777789161,79.47269303,0.769431442,0.792152777,0.790343583
423,0.781276092,79.66101695,0.769640252,0.792821467,0.790981203
424,0.781371146,79.84934087,0.770693794,0.793291241,0.791740626
425,0.782027513,80.03766478,0.78030844,0.794396773,0.791875854
426,0.782165334,80.2259887,0.781930789,0.795353502,0.792518541
427,0.782229066,80.41431262,0.785720542,0.795583516,0.793458447
428,0.783592984,80.60263653,0.785724699,0.795899585,0.793512121
429,0.784437805,80.79096045,0.7888989,0.795920312,0.79356648
430,0.785961419,80.97928437,0.789556861,0.796143562,0.793652818
431,0.787102446,81.16760829,0.789989784,0.796323478,0.7940761
432,0.79452762,81.3559322,0.792758554,0.797410786,0.794244528
433,0.794852868,81.54425612,0.793992877,0.799091697,0.794841945
434,0.795426697,81.73258004,0.795030937,0.799103662,0.795601234
435,0.797218606,81.92090395,0.801279977,0.799228549,0.796023965
436,0.805965334,82.10922787,0.80254063,0.800146863,0.797095165
437,0.807560354,82.29755179,0.80262211,0.800250098,0.798359722
438,0.817135066,82.48587571,0.803219438,0.800908476,0.799184993
439,0.817729995,82.67419962,0.809161454,0.801423535,0.7993339
440,0.818480134,82.86252354,0.81088303,0.801494107,0.800281465
441,0.82174699,83.05084746,0.811446697,0.801712215,0.800497934
442,0.830181375,83.23917137,0.813880354,0.802381694,0.800571591
443,0.838685587,83.42749529,0.814136162,0.80297552,0.802491933
444,0.840180546,83.61581921,0.820563212,0.803323865,0.80308634
445,0.841419399,83.80414313,0.822557226,0.803503811,0.803323761
446,0.841465607,83.99246704,0.823903576,0.803554401,0.804134518
447,0.842206135,84.18079096,0.8313189,0.803913206,0.804232463
448,0.847888634,84.36911488,0.832095623,0.804403678,0.805199385
449,0.848943636,84.55743879,0.832806036,0.805076852,0.805523887
450,0.849828467,84.74576271,0.839815363,0.805106446,0.805889338
451,0.850512117,84.93408663,0.840585232,0.807876274,0.805935428
452,0.85235846,85.12241055,0.847615585,0.808805645,0.806062609
453,0.856790349,85.31073446,0.854074717,0.809579954,0.806143463
454,0.862055615,85.49905838,0.856515273,0.810026556,0.806534246
455,0.864047378,85.6873823,0.868107319,0.810045511,0.807807177
456,0.885953605,85.87570621,0.884608142,0.810198352,0.807820454
457,0.897104912,86.06403013,0.886653006,0.812246084,0.808832154
458,0.900895089,86.25235405,0.889717497,0.812493443,0.80932194
459,0.903051913,86.44067797,0.890351661,0.813868478,0.80946207
460,0.903577596,86.62900188,0.891346797,0.815184698,0.811075419
461,0.904038899,86.8173258,0.891595133,0.815797463,0.812407032
462,0.904478058,87.00564972,0.892887086,0.815871492,0.813669458
463,0.906267554,87.19397363,0.894105867,0.817698732,0.815461889
464,0.907740973,87.38229755,0.894873276,0.818127543,0.815980837
465,0.908892006,87.57062147,0.896693796,0.818218902,0.81634675
466,0.910099901,87.75894539,0.89727553,0.818953484,0.816434115
467,0.917220727,87.9472693,0.904506408,0.81981343,0.816568941
468,0.918226324,88.13559322,0.910692021,0.819951892,0.817667395
469,0.920608304,88.32391714,0.910992131,0.820473582,0.817903504
470,0.921039231,88.51224105,0.915324375,0.820977226,0.818333194
471,0.92155797,88.70056497,0.916806482,0.821293429,0.81841737
472,0.926527984,88.88888889,0.917841405,0.822083935,0.818796441
473,0.927501082,89.07721281,0.918979391,0.823199481,0.819081232
474,0.928318098,89.26553672,0.919008777,0.823873937,0.819335908
475,0.930963889,89.45386064,0.920251705,0.823948383,0.819613591
476,0.934539251,89.64218456,0.922503307,0.825607195,0.822294161
477,0.937915474,89.83050847,0.928069413,0.82651341,0.822347924
478,0.93796581,90.01883239,0.928123631,0.827015623,0.822416887
479,0.940766603,90.20715631,0.930174865,0.827029854,0.822683662
480,0.940867614,90.39548023,0.932336301,0.828222424,0.822964489
481,0.942386966,90.58380414,0.93376825,0.829437211,0.823028758
482,0.942596253,90.77212806,0.93487861,0.83036682,0.82303986
483,0.942749053,90.96045198,0.93934419,0.830462515,0.825495839
484,0.944500457,91.14877589,0.944382578,0.830854282,0.825557247
485,0.948938563,91.33709981,0.949142572,0.83111313,0.82602863
486,0.949937969,91.52542373,0.951313522,0.831315413,0.828613147
487,0.952924285,91.71374765,0.951846968,0.831510231,0.829216793
488,0.955955319,91.90207156,0.952013429,0.83419317,0.829796314
489,0.960366417,92.09039548,0.954654392,0.834815636,0.830132142
490,0.962612312,92.2787194,0.955757324,0.835577905,0.830756277
491,0.964109823,92.46704331,0.956194773,0.836088762,0.831535235
492,0.965777434,92.65536723,0.957577899,0.836317807,0.831694871
493,0.965857062,92.84369115,0.95819078,0.836446881,0.831959501
494,0.96586673,93.03201507,0.960680865,0.8365518,0.833950654
495,0.968086399,93.22033898,0.962375429,0.837938413,0.835007787
496,0.968597107,93.4086629,0.963148531,0.840121374,0.835756108
497,0.969762841,93.59698682,0.963423137,0.841904551,0.836570755
498,0.970072959,93.78531073,0.963669214,0.84195058,0.837715492
499,0.971184662,93.97363465,0.963712033,0.842378736,0.838000834
500,0.972084351,94.16195857,0.964177594,0.843347579,0.838740468
501,0.972114839,94.35028249,0.966277786,0.847049102,0.838966653
502,0.973792024,94.5386064,0.967308115,0.849465281,0.844839856
503,0.974632738,94.72693032,0.967890412,0.850783497,0.845029518
504,0.975642977,94.91525424,0.969077557,0.850984409,0.845875844
505,0.975834308,95.10357815,0.971517777,0.851459697,0.846154392
506,0.976911994,95.29190207,0.971759008,0.853106126,0.846280783
507,0.97746709,95.48022599,0.972807026,0.853433162,0.846775711
508,0.977617946,95.66854991,0.97286847,0.854147226,0.847262233
509,0.977962103,95.85687382,0.973165598,0.854891971,0.848691151
510,0.978782268,96.04519774,0.973527137,0.855370179,0.849083513
511,0.979093244,96.23352166,0.974819303,0.855454132,0.849677145
512,0.980272833,96.42184557,0.974896535,0.855776906,0.851012543
513,0.981859226,96.61016949,0.974983122,0.855965033,0.852341563
514,0.981967347,96.79849341,0.975530325,0.856039107,0.852391049
515,0.982769411,96.98681733,0.97580887,0.856928498,0.853231177
516,0.982878322,97.17514124,0.976111498,0.859174222,0.855794042
517,0.982929882,97.36346516,0.976579547,0.859179944,0.863657922
518,0.982991073,97.55178908,0.977717923,0.859288394,0.864078745
519,0.983351901,97.74011299,0.978285987,0.861122444,0.864795148
520,0.984004119,97.92843691,0.97852011,0.862272844,0.865418851
521,0.984120684,98.11676083,0.979707191,0.862481877,0.867340267
522,0.98421371,98.30508475,0.979709094,0.862846419,0.868964553
523,0.98504521,98.49340866,0.981631959,0.863827169,0.869964227
524,0.987587548,98.68173258,0.981777351,0.871427029,0.870161772
525,0.988280965,98.8700565,0.98362908,0.872036025,0.876545146
526,0.988425579,99.05838041,0.983651247,0.87778993,0.87698324
527,0.988896904,99.24670433,0.98370084,0.878858872,0.877409317
528,0.989205362,99.43502825,0.983975163,0.886361681,0.886714287
529,0.990572565,99.62335217,0.984752854,0.897906452,0.894335531
530,0.991456143,99.81167608,0.989053113,0.909780845,0.894388989
531,0.991466586,100,0.99108314,0.913584217,0.907791816
