531,No Reset,No Reset,Reset,Transformer Encoder,LSTM
1,-0.028841138,0.188323917,-0.022384167,-6.627441883,-0.802995324
2,-0.003072023,0.376647834,-0.006814599,-2.373020172,-0.57957685
3,0.011567235,0.564971751,0.038697958,-2.007423878,-0.154854894
4,0.021497786,0.753295669,0.043104351,-1.841878414,0.019060731
5,0.042333066,0.941619586,0.045584857,-0.190087318,0.057780802
6,0.043524384,1.129943503,0.069689333,-0.064853549,0.128388524
7,0.050417662,1.31826742,0.074850678,-0.012937188,0.154191136
8,0.055683911,1.506591337,0.076820195,0.016253471,0.156275451
9,0.061582446,1.694915254,0.09885633,0.084487975,0.170907319
10,0.065453053,1.883239171,0.103846908,0.085624099,0.197687924
11,0.077758491,2.071563089,0.106679022,0.092090666,0.269375563
12,0.08574003,2.259887006,0.107317507,0.107721448,0.277398109
13,0.10623163,2.448210923,0.112443447,0.114370406,0.279785752
14,0.108165622,2.63653484,0.120814025,0.125008404,0.284745693
15,0.109333098,2.824858757,0.125682354,0.137724578,0.288068295
16,0.113396764,3.013182674,0.130238295,0.172211647,0.296523035
17,0.121578813,3.201506591,0.138955176,0.174810231,0.304473579
18,0.125328183,3.389830508,0.139235139,0.182863414,0.308045983
19,0.126756251,3.578154426,0.142974854,0.183152139,0.312755704
20,0.135625839,3.766478343,0.144581139,0.203753591,0.313134849
21,0.138711333,3.95480226,0.145469606,0.222763598,0.318350315
22,0.14438349,4.143126177,0.150322378,0.243075967,0.321311116
23,0.144433856,4.331450094,0.150768816,0.254614592,0.324068666
24,0.153188109,4.519774011,0.152427197,0.264203668,0.32448411
25,0.155104339,4.708097928,0.157842159,0.265942872,0.333792567
26,0.158230603,4.896421846,0.159518003,0.296985984,0.339927256
27,0.161367059,5.084745763,0.159710944,0.299343228,0.341162145
28,0.166275978,5.27306968,0.159750879,0.302362084,0.357439816
29,0.166781068,5.461393597,0.160965323,0.303916693,0.367369711
30,0.167810917,5.649717514,0.163891912,0.305585265,0.368664205
31,0.169442117,5.838041431,0.164835453,0.312951386,0.382354736
32,0.172915399,6.026365348,0.167397201,0.313534796,0.382895052
33,0.175418854,6.214689266,0.168854892,0.325602889,0.394383788
34,0.176041901,6.403013183,0.170017898,0.34128058,0.410271168
35,0.177730262,6.5913371,0.172426105,0.343186319,0.417387545
36,0.182577729,6.779661017,0.174464107,0.345719159,0.41844207
37,0.185815811,6.967984934,0.179178417,0.347145677,0.420394123
38,0.188851416,7.156308851,0.180955172,0.370688736,0.420985162
39,0.19449991,7.344632768,0.182040155,0.372722924,0.421292543
40,0.209391534,7.532956685,0.183476567,0.373173714,0.426659107
41,0.210384429,7.721280603,0.183950722,0.383627236,0.432750702
42,0.214892924,7.90960452,0.184754372,0.386741579,0.435035408
43,0.217126012,8.097928437,0.184796631,0.395445406,0.435171962
44,0.22208029,8.286252354,0.194044769,0.399042249,0.435705721
45,0.222893178,8.474576271,0.195202351,0.400291502,0.435795844
46,0.229492664,8.662900188,0.209579825,0.403373897,0.436086833
47,0.231572509,8.851224105,0.215138197,0.405901432,0.436349392
48,0.235998213,9.039548023,0.216684341,0.407442689,0.439011693
49,0.237005889,9.22787194,0.218808174,0.407954454,0.441493034
50,0.23877126,9.416195857,0.220779598,0.416315973,0.442816913
51,0.240537047,9.604519774,0.22400099,0.416833758,0.446326554
52,0.241440654,9.792843691,0.226112664,0.425602317,0.447641373
53,0.241469502,9.981167608,0.227922678,0.432631135,0.447883606
54,0.244395673,10.16949153,0.229746997,0.432891846,0.450620592
55,0.246057093,10.35781544,0.230847716,0.435113668,0.451948524
56,0.246361673,10.54613936,0.231633842,0.436612666,0.452391028
57,0.247354686,10.73446328,0.23182863,0.437593102,0.456625521
58,0.247939229,10.92278719,0.234224379,0.438918054,0.458269656
59,0.24846679,11.11111111,0.235231042,0.439294219,0.461294591
60,0.249932647,11.29943503,0.238950372,0.439465046,0.46217382
61,0.250228047,11.48775895,0.24447751,0.44342041,0.463920176
62,0.25415343,11.67608286,0.248178899,0.444103837,0.467952788
63,0.256127656,11.86440678,0.251210034,0.450698256,0.470886588
64,0.256843805,12.0527307,0.255729914,0.45500952,0.472554147
65,0.257027566,12.24105461,0.258739829,0.459902942,0.476634026
66,0.258328676,12.42937853,0.259980798,0.462668955,0.489054918
67,0.259203196,12.61770245,0.260572374,0.46766603,0.493485391
68,0.259348571,12.80602637,0.261165679,0.469974041,0.494450927
69,0.263482988,12.99435028,0.261987329,0.471953273,0.497805595
70,0.263689816,13.1826742,0.263029873,0.479104757,0.499795258
71,0.266101062,13.37099812,0.264641166,0.480775535,0.500039488
72,0.267513931,13.55932203,0.265795708,0.482284009,0.503035098
73,0.268920958,13.74764595,0.266142786,0.483454287,0.503665626
74,0.272974074,13.93596987,0.267274201,0.486312926,0.508143008
75,0.277138412,14.12429379,0.267346203,0.488898337,0.519217521
76,0.278653502,14.3126177,0.268903077,0.489966094,0.521736562
77,0.280738652,14.50094162,0.269413054,0.490070939,0.52292046
78,0.280868649,14.68926554,0.276365697,0.491514742,0.523634106
79,0.28114146,14.87758945,0.276902258,0.491923034,0.524368823
80,0.281778812,15.06591337,0.277354896,0.497463822,0.5290443
81,0.283477128,15.25423729,0.277868509,0.497555971,0.530757636
82,0.283758342,15.44256121,0.27933383,0.50049606,0.532184869
83,0.285362661,15.63088512,0.279400647,0.505252004,0.53530103
84,0.286474347,15.81920904,0.282386303,0.505791992,0.537002742
85,0.286709905,16.00753296,0.282470047,0.509670377,0.537374109
86,0.287446499,16.19585687,0.283204615,0.510388136,0.539458573
87,0.289879918,16.38418079,0.283712864,0.51310578,0.54159978
88,0.290330887,16.57250471,0.286351204,0.514797509,0.54322955
89,0.291457951,16.76082863,0.287227452,0.516429633,0.54323411
90,0.294793904,16.94915254,0.287458658,0.520456433,0.543672025
91,0.296764195,17.13747646,0.287827551,0.530127466,0.544323742
92,0.296806395,17.32580038,0.288321018,0.533926338,0.544756353
93,0.297375619,17.51412429,0.288775742,0.534354538,0.5485695
94,0.298929274,17.70244821,0.290775657,0.534968406,0.548812091
95,0.300212264,17.89077213,0.290818274,0.535878867,0.550265223
96,0.302269876,18.07909605,0.291325152,0.536334604,0.551883757
97,0.303257465,18.26741996,0.293591678,0.539509535,0.55292809
98,0.307921231,18.45574388,0.295811415,0.541077793,0.554255903
99,0.309056401,18.6440678,0.296198606,0.541106701,0.557241499
100,0.312313497,18.83239171,0.296359897,0.544452488,0.557870597
101,0.313292503,19.02071563,0.297624528,0.546593606,0.558499902
102,0.315743744,19.20903955,0.298781633,0.550202072,0.563007683
103,0.316444993,19.39736347,0.298930824,0.552256763,0.563924253
104,0.317725837,19.58568738,0.299557567,0.552694112,0.563971549
105,0.320707142,19.7740113,0.301029384,0.552713245,0.564111441
106,0.322401881,19.96233522,0.304280519,0.554481924,0.565739065
107,0.326483309,20.15065913,0.305141211,0.554556668,0.567491502
108,0.331550777,20.33898305,0.305346251,0.554596841,0.568489552
109,0.331906199,20.52730697,0.306321025,0.55903092,0.568863004
110,0.333178818,20.71563089,0.309072673,0.559306681,0.569770485
111,0.333445549,20.9039548,0.316017628,0.55932647,0.57127279
112,0.337577879,21.09227872,0.316061258,0.562826633,0.573613793
113,0.338658869,21.28060264,0.316866338,0.564852595,0.574320287
114,0.344080925,21.46892655,0.317150176,0.56818378,0.576336235
115,0.344602287,21.65725047,0.320257187,0.571162134,0.577260345
116,0.350850165,21.84557439,0.320439339,0.571702123,0.577704042
117,0.354132771,22.03389831,0.321963251,0.572059959,0.578525722
118,0.354515791,22.22222222,0.322496593,0.572645485,0.579977632
119,0.355499148,22.41054614,0.324807286,0.57273376,0.580699623
120,0.356676042,22.59887006,0.325418174,0.574386626,0.582740307
121,0.356917858,22.78719397,0.329984963,0.575009465,0.583269477
122,0.358377993,22.97551789,0.331746519,0.576699674,0.584183902
123,0.359269023,23.16384181,0.33264327,0.577262759,0.58728537
124,0.35961628,23.35216573,0.333627462,0.577462316,0.588019788
125,0.360549748,23.54048964,0.338984847,0.579160064,0.588584274
126,0.360725284,23.72881356,0.341527283,0.581306159,0.592009693
127,0.361912072,23.91713748,0.341733336,0.581376851,0.59983936
128,0.364398718,24.10546139,0.342858851,0.58188507,0.601689816
129,0.36554563,24.29378531,0.345907509,0.586978734,0.601707488
130,0.365633965,24.48210923,0.346564174,0.5873923,0.602516174
131,0.365765274,24.67043315,0.347758472,0.588073939,0.602983207
132,0.366308391,24.85875706,0.349392891,0.592210919,0.604895681
133,0.3665573,25.04708098,0.352269292,0.592894495,0.605603576
134,0.36753577,25.2354049,0.354578972,0.592916816,0.60948059
135,0.368365347,25.42372881,0.355282485,0.595084995,0.611072898
136,0.375137985,25.61205273,0.357862592,0.595958948,0.61156702
137,0.375184894,25.80037665,0.358406365,0.596763909,0.613285542
138,0.375210643,25.98870056,0.361611903,0.599441439,0.614535987
139,0.379859984,26.17702448,0.362018526,0.599663436,0.615340114
140,0.385835171,26.3653484,0.362131834,0.60022369,0.615582705
141,0.387890995,26.55367232,0.36300832,0.600230277,0.616313577
142,0.390169084,26.74199623,0.363458455,0.601448983,0.61631918
143,0.392457306,26.93032015,0.371596098,0.60337621,0.616624355
144,0.392726481,27.11864407,0.372252643,0.603695512,0.618520081
145,0.393111348,27.30696798,0.374849498,0.60616836,0.620154977
146,0.393614173,27.4952919,0.377680063,0.607149631,0.620499671
147,0.396574497,27.68361582,0.37802428,0.609370828,0.622199714
148,0.398878574,27.87193974,0.378686965,0.611429334,0.623384327
149,0.400582194,28.06026365,0.380064666,0.611695439,0.623561323
150,0.401019454,28.24858757,0.383681476,0.611831754,0.62625736
151,0.402102292,28.43691149,0.384232461,0.61321196,0.626997918
152,0.408482313,28.6252354,0.386068702,0.614256591,0.627793461
153,0.410203815,28.81355932,0.388077915,0.618758708,0.628542215
154,0.413026094,29.00188324,0.388323843,0.62026304,0.62899366
155,0.41399169,29.19020716,0.388809562,0.62071839,0.629065901
156,0.414285898,29.37853107,0.391226292,0.620954126,0.629482418
157,0.414751172,29.56685499,0.39133203,0.621367335,0.631122261
158,0.415516257,29.75517891,0.391534746,0.621562034,0.631506801
159,0.417589545,29.94350282,0.397476137,0.621818513,0.631745219
160,0.418415725,30.13182674,0.399284661,0.622086108,0.63181597
161,0.41947192,30.32015066,0.403002858,0.622122109,0.632285118
162,0.420203269,30.50847458,0.404495537,0.622404754,0.633598775
163,0.420886993,30.69679849,0.408451855,0.622671813,0.633969426
164,0.423912704,30.88512241,0.408694446,0.624352515,0.634008348
165,0.426604986,31.07344633,0.410452902,0.626705527,0.634766221
166,0.428312182,31.26177024,0.410974801,0.628528863,0.640553504
167,0.429438233,31.45009416,0.411987901,0.629386336,0.641550422
168,0.429509759,31.63841808,0.412248075,0.629445106,0.641729265
169,0.430614233,31.826742,0.413571477,0.632724792,0.641881555
170,0.430655897,32.01506591,0.414034367,0.634869754,0.642077297
171,0.434381127,32.20338983,0.415058851,0.635458142,0.643284798
172,0.435317516,32.39171375,0.422816277,0.635681152,0.645274103
173,0.436318994,32.58003766,0.423373938,0.636035651,0.645432651
174,0.437319458,32.76836158,0.424078047,0.636373401,0.646043301
175,0.440719903,32.9566855,0.425420105,0.636813164,0.646598488
176,0.441732705,33.14500942,0.425861537,0.639282107,0.64666912
177,0.442715585,33.33333333,0.435409009,0.64101553,0.647051752
178,0.443745434,33.52165725,0.435780585,0.643437028,0.64847663
179,0.443854094,33.70998117,0.437010407,0.645188928,0.648833513
180,0.447635233,33.89830508,0.438232303,0.645286292,0.649190575
181,0.448887706,34.086629,0.440117061,0.645530552,0.65003714
182,0.453438342,34.27495292,0.440469861,0.645895153,0.650076628
183,0.455094278,34.46327684,0.4406991,0.647140801,0.65267539
184,0.455377877,34.65160075,0.440893114,0.648433954,0.652861625
185,0.45575875,34.83992467,0.440998137,0.648660988,0.653368264
186,0.456292808,35.02824859,0.4421103,0.649185598,0.65371713
187,0.457880616,35.2165725,0.444710672,0.650443345,0.653869987
188,0.458691776,35.40489642,0.445599854,0.650657982,0.654229224
189,0.461410224,35.59322034,0.446856737,0.650703639,0.655120313
190,0.462856233,35.78154426,0.447433591,0.652200967,0.656715393
191,0.466152251,35.96986817,0.447443962,0.652581066,0.657729775
192,0.468406022,36.15819209,0.450145006,0.652808815,0.658307523
193,0.470508218,36.34651601,0.452794015,0.65308708,0.660160094
194,0.471378088,36.53483992,0.453046858,0.653246731,0.66029343
195,0.471482098,36.72316384,0.45568037,0.654174834,0.660715729
196,0.472793758,36.91148776,0.455919147,0.655273497,0.66211012
197,0.474164248,37.09981168,0.456078947,0.6553967,0.662639052
198,0.475500345,37.28813559,0.45774436,0.655513972,0.663209796
199,0.477843046,37.47645951,0.458486319,0.655846119,0.663390517
200,0.478098094,37.66478343,0.458689332,0.657317996,0.664899111
201,0.482026994,37.85310734,0.459429085,0.657679051,0.667287886
202,0.484104991,38.04143126,0.459555268,0.657819331,0.670717359
203,0.484461844,38.22975518,0.459678054,0.658151567,0.671836108
204,0.487800002,38.4180791,0.46093446,0.659003437,0.671902776
205,0.489963472,38.60640301,0.46119839,0.659216195,0.673058718
206,0.49035418,38.79472693,0.464881718,0.659479618,0.673708946
207,0.491030276,38.98305085,0.465635955,0.659747243,0.673940003
208,0.493479252,39.17137476,0.466055751,0.66091302,0.674554884
209,0.493712604,39.35969868,0.46715796,0.661087602,0.675071239
210,0.495478213,39.5480226,0.46728313,0.661776245,0.675220639
211,0.496950626,39.73634652,0.467944443,0.661809862,0.676602066
212,0.499043703,39.92467043,0.468797565,0.661881834,0.67750901
213,0.499641895,40.11299435,0.471387327,0.662342161,0.677734643
214,0.500904292,40.30131827,0.472063601,0.662754357,0.677996039
215,0.506121188,40.48964218,0.474576175,0.663171381,0.678649455
216,0.506727189,40.6779661,0.474832773,0.663300008,0.679341942
217,0.507281274,40.86629002,0.476833224,0.663751066,0.679664344
218,0.509435445,41.05461394,0.479557037,0.664426893,0.67996797
219,0.511528909,41.24293785,0.483134568,0.665209055,0.680211037
220,0.512387663,41.43126177,0.483156383,0.666521847,0.680774212
221,0.513107002,41.61958569,0.486376345,0.667214632,0.680809021
222,0.513971925,41.8079096,0.487377584,0.667553186,0.681521147
223,0.515020281,41.99623352,0.492208242,0.667654574,0.682033151
224,0.515856981,42.18455744,0.494435906,0.668623418,0.682579547
225,0.517854393,42.37288136,0.494583368,0.668971002,0.682978779
226,0.518519968,42.56120527,0.494603693,0.670166582,0.683559299
227,0.519964546,42.74952919,0.497198641,0.670471221,0.683654547
228,0.520230919,42.93785311,0.500480682,0.671004146,0.683754534
229,0.522431552,43.12617702,0.500484437,0.672367811,0.684755236
230,0.523277611,43.31450094,0.501680046,0.673432738,0.684831649
231,0.523753971,43.50282486,0.502896219,0.674969643,0.685221016
232,0.527235448,43.69114878,0.503450245,0.677683711,0.685740709
233,0.533909321,43.87947269,0.504389137,0.677881002,0.685808897
234,0.535537809,44.06779661,0.507859349,0.678267598,0.685841471
235,0.535868257,44.25612053,0.510453135,0.679474413,0.686151564
236,0.535976946,44.44444444,0.510681003,0.67986849,0.686249286
237,0.537243068,44.63276836,0.513156474,0.679960877,0.686326504
238,0.537609816,44.82109228,0.513211131,0.680872887,0.686397046
239,0.537944585,45.0094162,0.513727188,0.682501793,0.68726185
240,0.539492756,45.19774011,0.515575886,0.682815462,0.687498748
241,0.540454626,45.38606403,0.517876506,0.683810145,0.68808946
242,0.541692942,45.57438795,0.519976526,0.683876216,0.688207477
243,0.54211393,45.76271186,0.521932214,0.684385478,0.688297451
244,0.543080777,45.95103578,0.522704065,0.685009927,0.688706726
245,0.543884575,46.1393597,0.522871822,0.685421675,0.690740883
246,0.544152051,46.32768362,0.525982797,0.686600119,0.691357285
247,0.54442203,46.51600753,0.528815925,0.686943799,0.691771895
248,0.545601964,46.70433145,0.530744582,0.687493682,0.692035824
249,0.548255742,46.89265537,0.531143546,0.688133955,0.69256863
250,0.548462749,47.08097928,0.53221789,0.688563913,0.692650467
251,0.548972696,47.2693032,0.533519268,0.690317333,0.692989916
252,0.549819738,47.45762712,0.533649266,0.690324306,0.69438377
253,0.551355869,47.64595104,0.533945203,0.690543652,0.695757568
254,0.551731735,47.83427495,0.534519553,0.692103148,0.696116745
255,0.55205211,48.02259887,0.537722856,0.693246722,0.697329283
256,0.553800881,48.21092279,0.538790971,0.694231212,0.697508305
257,0.553912699,48.3992467,0.542999983,0.694421679,0.699310213
258,0.554802567,48.58757062,0.543097734,0.695203096,0.700340688
259,0.556322515,48.77589454,0.543132305,0.6972633,0.700404286
260,0.562831342,48.96421846,0.543547451,0.697482586,0.700528592
261,0.567054719,49.15254237,0.545331687,0.697566807,0.700656712
262,0.5672068,49.34086629,0.545687884,0.697695225,0.700721562
263,0.568035811,49.52919021,0.547348082,0.698094428,0.701113224
264,0.568528175,49.71751412,0.548128814,0.698455453,0.701243103
265,0.569001555,49.90583804,0.549695164,0.698577195,0.701347828
266,0.569092333,50.09416196,0.550283343,0.699232072,0.701852083
267,0.571079969,50.28248588,0.550832152,0.699869931,0.701857984
268,0.573385268,50.47080979,0.550846845,0.703274757,0.701901227
269,0.575560272,50.65913371,0.550974697,0.70328933,0.703183055
270,0.577201992,50.84745763,0.55170396,0.703500479,0.703400344
271,0.578104585,51.03578154,0.554017156,0.703836024,0.703445107
272,0.578639209,51.22410546,0.556014508,0.704548299,0.703583688
273,0.579702824,51.41242938,0.558016092,0.705794513,0.703793049
274,0.581452042,51.6007533,0.558214873,0.706054002,0.703926265
275,0.582359374,51.78907721,0.559008092,0.706054658,0.704711229
276,0.582421511,51.97740113,0.559035897,0.706227243,0.704827279
277,0.583565086,52.16572505,0.55915013,0.706579149,0.704938203
278,0.584795028,52.35404896,0.560194254,0.706669241,0.705485463
279,0.584973365,52.54237288,0.5608657,0.706901282,0.70553267
280,0.587036341,52.7306968,0.563145429,0.706947416,0.705535442
281,0.587213397,52.91902072,0.566491008,0.707658082,0.706633836
282,0.589303821,53.10734463,0.567156166,0.70838353,0.706864864
283,0.589864969,53.29566855,0.567244291,0.708883971,0.708967149
284,0.591937691,53.48399247,0.567406535,0.709326237,0.709333986
285,0.592088461,53.67231638,0.568935663,0.709665626,0.709640473
286,0.59322831,53.8606403,0.569851041,0.710143089,0.709664315
287,0.595087737,54.04896422,0.571610272,0.710947722,0.710112274
288,0.595258951,54.23728814,0.57390061,0.711139411,0.710694194
289,0.596189976,54.42561205,0.57419306,0.711313039,0.710698962
290,0.597341597,54.61393597,0.574827939,0.711525232,0.710723817
291,0.598425537,54.80225989,0.577643245,0.711636484,0.711233228
292,0.598870426,54.9905838,0.578030586,0.711809009,0.712026358
293,0.599776745,55.17890772,0.578484029,0.711841851,0.712459743
294,0.600740433,55.36723164,0.578842193,0.712494761,0.714356363
295,0.600969672,55.55555556,0.580494314,0.712652862,0.714642912
296,0.601406544,55.74387947,0.58209309,0.713832766,0.714774281
297,0.602163136,55.93220339,0.582151681,0.713921726,0.714820385
298,0.602202147,56.12052731,0.586490661,0.714749187,0.714958787
299,0.602549404,56.30885122,0.587146878,0.714955509,0.715075493
300,0.605415583,56.49717514,0.588447869,0.715391099,0.715191603
301,0.607003212,56.68549906,0.589544743,0.715963781,0.715791702
302,0.607311308,56.87382298,0.589707702,0.716008931,0.716510028
303,0.60748902,57.06214689,0.594046295,0.71637401,0.716815114
304,0.608135432,57.25047081,0.594982266,0.717075258,0.71722281
305,0.608655483,57.43879473,0.597138524,0.717544794,0.717821598
306,0.609430134,57.62711864,0.597910136,0.718838751,0.717880905
307,0.609701097,57.81544256,0.602419585,0.719513744,0.717985779
308,0.612380356,58.00376648,0.602559656,0.720146775,0.718138009
309,0.617492199,58.1920904,0.606560856,0.721135587,0.719596118
310,0.618560612,58.38041431,0.606631845,0.7221843,0.721521825
311,0.621269643,58.56873823,0.606806546,0.722449362,0.721573174
312,0.622136295,58.75706215,0.611099601,0.723366916,0.722135901
313,0.623951167,58.94538606,0.613702774,0.724058151,0.722447038
314,0.62543422,59.13370998,0.613728344,0.72456345,0.722665399
315,0.625881493,59.3220339,0.615099251,0.724872231,0.723297238
316,0.626099646,59.51035782,0.61614576,0.725153357,0.723363072
317,0.627376765,59.69868173,0.618694156,0.725209713,0.723824322
318,0.627739727,59.88700565,0.619692802,0.725678176,0.724025875
319,0.630295694,60.07532957,0.61977464,0.725734591,0.724717349
320,0.634498358,60.26365348,0.621587515,0.726474285,0.724946231
321,0.635044634,60.4519774,0.624831021,0.728019863,0.725708008
322,0.636045575,60.64030132,0.626997232,0.728987515,0.725946337
323,0.636412948,60.82862524,0.627265722,0.728991687,0.725994736
324,0.637640238,61.01694915,0.627563864,0.729804844,0.726779133
325,0.638053834,61.20527307,0.627620369,0.730150253,0.726911247
326,0.645708144,61.39359699,0.630824298,0.730407566,0.7279073
327,0.647081465,61.5819209,0.631632864,0.730686098,0.728203386
328,0.647127867,61.77024482,0.632344782,0.731667101,0.730169415
329,0.649037987,61.95856874,0.632610172,0.73205623,0.730868042
330,0.649042875,62.14689266,0.633418113,0.732203901,0.730930924
331,0.649345666,62.33521657,0.635195524,0.73222664,0.731406748
332,0.652996212,62.52354049,0.637742251,0.732968748,0.731975377
333,0.653454393,62.71186441,0.637930989,0.733272165,0.732660949
334,0.654905915,62.90018832,0.638180077,0.733876407,0.734139949
335,0.655897468,63.08851224,0.638251871,0.735746592,0.73415041
336,0.656800359,63.27683616,0.639324188,0.735834658,0.736142457
337,0.660185367,63.46516008,0.640392244,0.735862702,0.737236619
338,0.662707448,63.65348399,0.642073095,0.736344784,0.737350702
339,0.662726462,63.84180791,0.643386483,0.737191081,0.737543881
340,0.664108902,64.03013183,0.643781781,0.737808317,0.737931639
341,0.665009409,64.21845574,0.644222945,0.739892572,0.737947226
342,0.665829271,64.40677966,0.644256443,0.740003526,0.738978088
343,0.666754335,64.59510358,0.645813882,0.740023881,0.739380866
344,0.667300999,64.7834275,0.645826876,0.740066797,0.740038067
345,0.667662829,64.97175141,0.646065712,0.740078479,0.740260184
346,0.669116408,65.16007533,0.646402717,0.740503609,0.740303069
347,0.670859516,65.34839925,0.646449059,0.741259962,0.741654783
348,0.671142548,65.53672316,0.646989197,0.741318047,0.741678774
349,0.671637684,65.72504708,0.647913277,0.742062598,0.742440224
350,0.672004849,65.913371,0.648570776,0.742365897,0.743119925
351,0.672107458,66.10169492,0.651105404,0.743143857,0.74329108
352,0.674984097,66.29001883,0.654364049,0.743871927,0.743721306
353,0.675531805,66.47834275,0.655251175,0.74415499,0.743956625
354,0.678827584,66.66666667,0.656498194,0.7445077,0.744578272
355,0.679689765,66.85499058,0.657332927,0.745052367,0.744948059
356,0.682320207,67.0433145,0.657384604,0.746969134,0.745311677
357,0.682738453,67.23163842,0.660352677,0.747463435,0.745385498
358,0.68478483,67.41996234,0.661311388,0.747465074,0.746529162
359,0.686065853,67.60828625,0.662685305,0.749258697,0.74768731
360,0.687056959,67.79661017,0.662723601,0.74930039,0.748181641
361,0.690260112,67.98493409,0.664207697,0.750205651,0.750904232
362,0.690977097,68.173258,0.665309191,0.752042472,0.751141712
363,0.691829085,68.36158192,0.67210862,0.752179995,0.751822725
364,0.69340986,68.54990584,0.672219068,0.75237602,0.752074838
365,0.694071561,68.73822976,0.673243195,0.752466291,0.752632082
366,0.695970416,68.92655367,0.673838615,0.752505898,0.75272271
367,0.696089655,69.11487759,0.674267054,0.753265694,0.757194579
368,0.699528188,69.30320151,0.674389064,0.753307015,0.757490948
369,0.705032259,69.49152542,0.675027698,0.754041851,0.758247346
370,0.705168128,69.67984934,0.677090049,0.754144251,0.75906539
371,0.70900467,69.86817326,0.677421272,0.754248649,0.76039809
372,0.709457576,70.05649718,0.677900523,0.754333541,0.760406539
373,0.709488779,70.24482109,0.679033309,0.754968002,0.760655031
374,0.710000575,70.43314501,0.681394517,0.755893961,0.760753348
375,0.710208058,70.62146893,0.682798207,0.756356329,0.760932833
376,0.712270617,70.80979284,0.687250584,0.756876141,0.761895686
377,0.716488421,70.99811676,0.687963337,0.75880374,0.762014836
378,0.719039828,71.18644068,0.69249773,0.758842453,0.762077242
379,0.719308496,71.3747646,0.696736813,0.760381654,0.762227401
380,0.720921129,71.56308851,0.696765065,0.761592627,0.763162613
381,0.723144323,71.75141243,0.696896732,0.762017012,0.763516605
382,0.726942152,71.93973635,0.697003365,0.762978747,0.76396209
383,0.728001088,72.12806026,0.698257923,0.763647884,0.764055833
384,0.728127122,72.31638418,0.701956302,0.764040291,0.764228597
385,0.728535235,72.5047081,0.70235759,0.764997736,0.765063152
386,0.730562359,72.69303202,0.704810232,0.765167743,0.765669867
387,0.732004404,72.88135593,0.705045283,0.765302896,0.766660988
388,0.732142061,73.06967985,0.706094503,0.765442103,0.767323703
389,0.732501239,73.25800377,0.707635731,0.76641418,0.767468289
390,0.73266995,73.44632768,0.709719509,0.767042562,0.767485023
391,0.732948244,73.6346516,0.711081296,0.767193615,0.767580852
392,0.7330302,73.82297552,0.711527407,0.768723354,0.767740071
393,0.739291936,74.01129944,0.71339789,0.769942239,0.769113928
394,0.740639448,74.19962335,0.713452101,0.772965163,0.770181462
395,0.741715461,74.38794727,0.717323422,0.773759097,0.770848662
396,0.745271385,74.57627119,0.718531817,0.774055898,0.770931199
397,0.745924681,74.7645951,0.720730036,0.77465342,0.77095595
398,0.746971488,74.95291902,0.722507983,0.7749805,0.77205202
399,0.747454047,75.14124294,0.724319696,0.775380775,0.772281736
400,0.748083383,75.32956685,0.724782258,0.776361644,0.77249527
401,0.749462277,75.51789077,0.725774735,0.776677877,0.772854075
402,0.749701798,75.70621469,0.725906879,0.777683511,0.77286455
403,0.749797791,75.89453861,0.726654649,0.778241292,0.773219943
404,0.750754625,76.08286252,0.726959288,0.779827684,0.773337588
405,0.751190364,76.27118644,0.736468673,0.780119389,0.773993596
406,0.752568111,76.45951036,0.738818169,0.780553371,0.77475664
407,0.753627658,76.64783427,0.741216958,0.780692533,0.775109485
408,0.757062748,76.83615819,0.741694897,0.780732468,0.775466919
409,0.757110357,77.02448211,0.741740733,0.780768067,0.775605381
410,0.759534225,77.21280603,0.745709836,0.781217858,0.776245922
411,0.76174283,77.40112994,0.747335672,0.781315222,0.77764824
412,0.762267888,77.58945386,0.752614185,0.783002555,0.777777418
413,0.76240389,77.77777778,0.75286454,0.78346251,0.778926328
414,0.765812844,77.96610169,0.753443316,0.784068078,0.779885545
415,0.769317985,78.15442561,0.760480002,0.784566104,0.780838847
416,0.771960914,78.34274953,0.765236586,0.785533249,0.78250213
417,0.77425164,78.53107345,0.766490728,0.786280975,0.782772541
418,0.775372982,78.71939736,0.77362591,0.786754966,0.783469319
419,0.777835503,78.90772128,0.774021074,0.787051082,0.783564001
420,0.777997717,79.0960452,0.776482165,0.78782618,0.783573881
421,0.779129744,79.28436911,0.776538491,0.788137898,0.783772036
422,0.78168042,79.47269303,0.777111351,0.788284823,0.784023821
423,0.78193976,79.66101695,0.77788429,0.788346142,0.784853563
424,0.784099162,79.84934087,0.778576747,0.788361639,0.785163373
425,0.794088528,80.03766478,0.781984046,0.789200678,0.785960451
426,0.796382159,80.2259887,0.788704187,0.78948383,0.786249503
427,0.798455849,80.41431262,0.792563215,0.789762527,0.786343664
428,0.798799992,80.60263653,0.79264763,0.790538698,0.788509458
429,0.799281552,80.79096045,0.792653963,0.790833712,0.78972128
430,0.805032879,80.97928437,0.794815972,0.791731372,0.790066928
431,0.808491722,81.16760829,0.795133278,0.793405458,0.791992307
432,0.809176117,81.3559322,0.797285035,0.794211179,0.793352693
433,0.809522167,81.54425612,0.797700569,0.794555858,0.793519631
434,0.810841694,81.73258004,0.800523892,0.795008674,0.793775216
435,0.815453351,81.92090395,0.80061391,0.795211539,0.79412882
436,0.81917055,82.10922787,0.805202827,0.796787068,0.794344321
437,0.820687473,82.29755179,0.806929022,0.796974644,0.796195596
438,0.824518681,82.48587571,0.807734713,0.797615185,0.796648741
439,0.824565694,82.67419962,0.810216442,0.79772754,0.798148021
440,0.82520251,82.86252354,0.811859205,0.798078001,0.798494533
441,0.829100609,83.05084746,0.815501496,0.798758939,0.798726559
442,0.829705238,83.23917137,0.81896849,0.799003378,0.801247865
443,0.840825036,83.42749529,0.819905221,0.799935505,0.801247925
444,0.84481442,83.61581921,0.825761497,0.80029048,0.801667646
445,0.848898023,83.80414313,0.826395184,0.800557658,0.803123683
446,0.84913519,83.99246704,0.831054389,0.800620258,0.803436562
447,0.850945443,84.18079096,0.834599718,0.801522374,0.804144844
448,0.853038773,84.36911488,0.838911071,0.803556904,0.804556772
449,0.856185496,84.55743879,0.839496776,0.804179147,0.805203483
450,0.857707471,84.74576271,0.847969726,0.804250523,0.805586398
451,0.859526545,84.93408663,0.852844745,0.805323839,0.806869134
452,0.861371562,85.12241055,0.859952152,0.805782154,0.807013541
453,0.861691326,85.31073446,0.866264716,0.806048706,0.807034865
454,0.868437231,85.49905838,0.871607751,0.806473881,0.807038829
455,0.868477374,85.6873823,0.87172538,0.806476101,0.807891667
456,0.87800204,85.87570621,0.885462016,0.807520792,0.808068097
457,0.892027497,86.06403013,0.888516232,0.809322149,0.808113754
458,0.893122017,86.25235405,0.889309101,0.810059592,0.80820927
459,0.893741913,86.44067797,0.89260076,0.810265958,0.809290916
460,0.899426408,86.62900188,0.893074885,0.811876506,0.809300259
461,0.901378572,86.8173258,0.894232586,0.815443292,0.810281858
462,0.90285363,87.00564972,0.895092897,0.817017153,0.810930267
463,0.906423137,87.19397363,0.898723215,0.817453265,0.812226057
464,0.909475408,87.38229755,0.90752317,0.819958478,0.813391522
465,0.914453551,87.57062147,0.909791745,0.820571765,0.814638555
466,0.91820465,87.75894539,0.911857858,0.820779666,0.814762309
467,0.919477023,87.9472693,0.91224765,0.821308061,0.815465569
468,0.919629931,88.13559322,0.914190717,0.821319759,0.815530196
469,0.925371766,88.32391714,0.914334059,0.829607338,0.816805422
470,0.926423475,88.51224105,0.91527617,0.830266669,0.81830366
471,0.92968265,88.70056497,0.922069959,0.831386179,0.819713429
472,0.931757025,88.88888889,0.922596246,0.832149655,0.819926426
473,0.932700858,89.07721281,0.926316425,0.83216691,0.820694491
474,0.932923749,89.26553672,0.928117171,0.833427295,0.821319804
475,0.934087522,89.45386064,0.928149298,0.834277138,0.825414225
476,0.934643537,89.64218456,0.92859,0.835431725,0.825551108
477,0.937333941,89.83050847,0.933786996,0.837548733,0.82597813
478,0.938974768,90.01883239,0.936854236,0.838665426,0.826572329
479,0.939685993,90.20715631,0.938087121,0.838867083,0.828518763
480,0.940055203,90.39548023,0.938415516,0.840345204,0.830701694
481,0.946513973,90.58380414,0.939845953,0.841016769,0.830929279
482,0.946543124,90.77212806,0.942147311,0.841634363,0.831422091
483,0.95148873,90.96045198,0.944163602,0.84164983,0.834188834
484,0.952478025,91.14877589,0.944497682,0.841749296,0.836178362
485,0.953144256,91.33709981,0.947079774,0.841760829,0.836692765
486,0.95326943,91.52542373,0.949633498,0.842108935,0.836794809
487,0.957651425,91.71374765,0.953144182,0.842134431,0.837618873
488,0.958304297,91.90207156,0.95825788,0.842472211,0.839473963
489,0.959475297,92.09039548,0.958544031,0.842496693,0.841009364
490,0.961357594,92.2787194,0.959609997,0.843805104,0.841262475
491,0.962609354,92.46704331,0.960985266,0.844829738,0.844762996
492,0.963352524,92.65536723,0.961506251,0.845670968,0.844785824
493,0.965367459,92.84369115,0.962645203,0.847560406,0.844916239
494,0.966093235,93.03201507,0.963511467,0.847899973,0.845511571
495,0.966166947,93.22033898,0.965166297,0.848181292,0.846618816
496,0.966370296,93.4086629,0.965819225,0.849018723,0.847428158
497,0.966637962,93.59698682,0.966737628,0.849978939,0.847521171
498,0.969545912,93.78531073,0.967162799,0.851323962,0.848335713
499,0.971001081,93.97363465,0.967204321,0.851994321,0.848490655
500,0.971212035,94.16195857,0.967342328,0.852284655,0.849069089
501,0.971217368,94.35028249,0.967877354,0.852293313,0.851145476
502,0.97140527,94.5386064,0.969682401,0.852944672,0.851145476
503,0.972454701,94.72693032,0.969880732,0.853085831,0.852762207
504,0.973481648,94.91525424,0.970585931,0.855220929,0.853274733
505,0.975480562,95.10357815,0.972649559,0.856598139,0.853795916
506,0.975623617,95.29190207,0.973608959,0.857357889,0.853974104
507,0.975670172,95.48022599,0.976153202,0.857552633,0.854708776
508,0.975744309,95.66854991,0.976260854,0.861262262,0.855375081
509,0.976436345,95.85687382,0.977049319,0.861332804,0.855438635
510,0.976994818,96.04519774,0.97728367,0.861779436,0.855706334
511,0.977884423,96.23352166,0.977463474,0.864801541,0.856646746
512,0.978003263,96.42184557,0.978195611,0.864939675,0.857030168
513,0.9786098,96.61016949,0.979258712,0.867754728,0.858234227
514,0.979698509,96.79849341,0.979416789,0.868308753,0.858319715
515,0.980491262,96.98681733,0.979471829,0.869836226,0.862463564
516,0.980748735,97.17514124,0.980506975,0.870563805,0.862818629
517,0.981061297,97.36346516,0.980519896,0.872585475,0.864390165
518,0.981235623,97.55178908,0.980722804,0.873459533,0.864540219
519,0.981568975,97.74011299,0.980736479,0.873475477,0.868768826
520,0.981708247,97.92843691,0.981214769,0.873656377,0.869370222
521,0.982269397,98.11676083,0.982216893,0.87454547,0.873410672
522,0.983348308,98.30508475,0.982772291,0.875943244,0.874060795
523,0.98536582,98.49340866,0.984135445,0.877300933,0.877168372
524,0.985533645,98.68173258,0.984779139,0.882258378,0.887148596
525,0.985650876,98.8700565,0.985444115,0.883252412,0.892204076
526,0.985790615,99.05838041,0.986638009,0.885457188,0.892250419
527,0.985981338,99.24670433,0.986839124,0.887106635,0.892355733
528,0.986389901,99.43502825,0.986939844,0.891403154,0.8964241
529,0.989448917,99.62335217,0.987323778,0.900694884,0.900018938
530,0.990467571,99.81167608,0.989747025,0.904346071,0.9079291
531,0.991309866,100,0.992307079,0.923224717,0.908574052
,,,,,
,,,,,
