basin,NSE,MSE,RMSE,KGE,Alpha-NSE,Pearson-r,Beta-NSE,Peak-Timing,Missed-Peaks
1022500,0.760521159,1.179069638,1.085849731,0.722744268,0.805503547,0.888386208,-0.147781491,0.695652174,0.422222222
1031500,0.853244051,1.378626823,1.174149404,0.847416788,0.875222504,0.925560135,-0.029726082,0.136363636,0.3
1047000,0.769180492,2.463356018,1.569508209,0.700508964,0.792761326,0.890826392,-0.121549919,0.363636364,0.351851852
1052500,0.768333152,3.033977509,1.741831653,0.818458745,0.876455665,0.877137399,-0.032192972,0.136363636,0.423728814
1054200,0.735414654,7.797971249,2.79248478,0.739322339,0.779350698,0.861501335,0.004603507,0.272727273,0.421052632
1055000,0.687371969,5.533571243,2.352354404,0.697865354,0.75906378,0.833287168,-0.038554359,0.181818182,0.473684211
1057000,0.801533535,1.458106518,1.207520815,0.75307848,0.785382032,0.904397748,-0.047297079,0.181818182,0.326086957
1073000,0.747349024,1.663361073,1.289713562,0.641211621,0.703729868,0.890608012,-0.104451656,0.2,0.270833333
1078000,0.793586701,1.239265084,1.113222837,0.714021572,0.785849154,0.905968416,-0.112975366,0.333333333,0.37254902
1123000,0.699638367,1.478661656,1.216002326,0.828207637,0.961447299,0.846046391,-0.05328016,0.409090909,0.362068966
1134500,0.702658772,2.444044352,1.563343965,0.726615979,0.826851785,0.844257481,-0.099040337,0.217391304,0.34375
1137500,0.698912472,3.061718225,1.749776622,0.808206697,1.04404676,0.860516511,0.088841692,0.347826087,0.444444444
1139000,0.723895371,0.983404338,0.991667454,0.699598646,0.7857939,0.865752691,-0.138704538,0.230769231,0.35483871
1139800,0.660485953,1.238111496,1.112704586,0.720544032,0.830617726,0.821703233,-0.120957829,0.52,0.5
1142500,0.742776096,1.270011425,1.126947836,0.720200042,0.765231192,0.8703644,-0.060869612,0.45,0.517857143
1144000,0.801247209,0.97702527,0.988445886,0.874891662,0.935239851,0.896202638,-0.020200009,0.347826087,0.392857143
1162500,0.711978287,1.464620113,1.210214904,0.649414162,0.736149073,0.865680949,-0.143689498,0.5,0.260869565
1169000,0.689480215,2.793898821,1.671495983,0.836058042,0.990330696,0.8438379,0.0334966,0.19047619,0.438596491
1170100,0.689969718,2.506001711,1.5830356,0.796225592,0.889597058,0.833002937,0.026856711,0.444444444,0.431034483
1181000,0.743705988,2.350160599,1.533023352,0.832710576,0.903729856,0.863340296,0.004376176,0.333333333,0.389830508
1187300,0.741239011,3.46967721,1.862706958,0.684623827,0.723041832,0.875769095,-0.049060274,0.380952381,0.306451613
1195100,0.589582801,2.444120884,1.563368442,0.70968203,0.830387712,0.771035149,-0.037278984,0.375,0.310344828
1333000,0.749868572,1.178233385,1.085464594,0.802534804,0.855060339,0.866034237,0.005127898,0.173913043,0.396226415
1350000,0.710583717,4.126125336,2.031286621,0.699483329,0.76914531,0.848902871,-0.060754802,0.136363636,0.351851852
1350080,0.621512681,2.668189526,1.633459374,0.567011052,0.648649454,0.809928288,-0.091979839,0.315789474,0.333333333
1350140,0.546599299,3.259270906,1.805345093,0.596010146,0.70456928,0.742017413,-0.050873607,0.285714286,0.392156863
1365000,0.768063039,2.664026022,1.632184433,0.816642595,0.889973164,0.878581432,-0.060930382,0.130434783,0.31372549
1411300,0.705503315,0.501574278,0.708219089,0.655678149,0.768182874,0.875764624,-0.223352969,0.2,0.377358491
1413500,0.737887084,2.22412324,1.491349469,0.712624044,0.78332293,0.867407954,-0.086250588,0,0.375
1414500,0.717306942,2.7962327,1.672193978,0.721058849,0.784682095,0.852062127,-0.064520277,0.173913043,0.326086957
1415000,0.755142093,1.463096499,1.209585259,0.699022846,0.746719062,0.882912494,-0.07644441,0.3,0.36
1423000,0.768053308,1.447486877,1.203115488,0.691946805,0.773777246,0.892448764,-0.119702064,0.238095238,0.395833333
1434025,0.745013893,4.691161156,2.165908852,0.787879825,0.84915036,0.864158248,-0.03911994,0.25,0.475409836
1435000,0.745184332,4.817865849,2.194963747,0.669236394,0.724357665,0.882109439,-0.089705579,0.2,0.339622642
1439500,0.750131249,1.223610163,1.106169138,0.752418038,0.839998603,0.875224647,-0.121020861,0.391304348,0.28
1440000,0.675504625,1.545986295,1.243376972,0.695459158,0.822376609,0.835725779,-0.150846586,0.5,0.37037037
1440400,0.70870322,2.01714325,1.420261683,0.791667767,0.869790554,0.842855899,-0.03126289,0.333333333,0.333333333
1451800,0.694082856,2.242234945,1.497409411,0.625262189,0.70553422,0.853288033,-0.110392086,0.304347826,0.333333333
1466500,0.608284533,0.087997712,0.296644083,0.762515391,0.901825309,0.796105988,-0.119681649,0.65,0.425531915
1484100,0.596087843,0.830289781,0.911202382,0.575388918,0.65163815,0.790860678,-0.099949367,0.473684211,0.428571429
1487000,0.776958734,0.306212515,0.553364721,0.879513317,0.967592299,0.885476188,0.019138901,0.777777778,0.404761905
1491000,0.725116462,1.208706856,1.09941205,0.779253906,0.838249981,0.851757107,-0.013829635,0.166666667,0.411764706
1510000,0.752556458,1.64876914,1.284044057,0.831082102,0.914643049,0.869823205,-0.045023661,0.315789474,0.37037037
1516500,0.527601689,3.577379942,1.891396294,0.512135962,0.586193144,0.743226852,-0.011172489,0.4,0.377358491
1518862,0.580236733,2.535546303,1.592339883,0.504569118,0.576319993,0.796734483,-0.077243842,0.294117647,0.387755102
1532000,0.55642271,4.978148937,2.231176581,0.455731008,0.521263063,0.798449911,-0.065322176,0.222222222,0.211538462
1539000,0.748882532,1.605330229,1.26701627,0.662838789,0.74565959,0.885757684,-0.126714885,0.19047619,0.326530612
1542810,0.647627234,3.140413761,1.77212126,0.636881174,0.689847529,0.814598518,-0.019512149,0.263157895,0.452830189
1543000,0.752581745,1.582957506,1.258156392,0.74755913,0.782436907,0.872153026,0.004488409,0.095238095,0.423076923
1543500,0.762146279,1.266982913,1.125603355,0.71540568,0.750802398,0.884843446,-0.053240988,0.4,0.306122449
1544500,0.75684303,1.818502545,1.348518649,0.686806211,0.733486056,0.886342748,-0.073452391,0.388888889,0.428571429
1545600,0.725814492,1.597021222,1.26373305,0.669895279,0.748491704,0.867319225,-0.110942163,0.421052632,0.390243902
1547700,0.702463329,1.820330381,1.349196198,0.687008858,0.727269411,0.846590347,-0.003795915,0.4,0.510204082
1548500,0.763861135,1.169942379,1.081638747,0.690035447,0.766982079,0.889689185,-0.112377457,0.315789474,0.304347826
1549500,0.631287485,3.254298687,1.803967485,0.484793844,0.561183989,0.856421746,-0.12249662,0.428571429,0.395833333
1550000,0.651976645,3.362546921,1.833724876,0.539031243,0.618966341,0.847418548,-0.118115067,0.4,0.431372549
1552000,0.679110795,2.52922368,1.590353319,0.572003457,0.65922159,0.858275578,-0.133804619,0.363636364,0.410714286
1552500,0.592155099,4.666763306,2.160269267,0.534670949,0.615040183,0.795700152,-0.09135408,0.347826087,0.410714286
1557500,0.696027368,1.669963479,1.292270668,0.71065883,0.801234663,0.8407546,-0.096328028,0.2,0.4
1567500,0.522247821,3.316012383,1.820992142,0.570104907,0.707932413,0.727746074,-0.083510295,0.45,0.425925926
1568000,0.709318608,1.973630428,1.404859576,0.655613483,0.728809476,0.856530132,-0.089513496,0.142857143,0.37254902
1580000,0.60237509,0.982025445,0.99097197,0.645517593,0.747957885,0.784625065,-0.109164625,0.130434783,0.370967742
1583500,0.534636945,0.834994674,0.91378043,0.593272008,0.733427167,0.747870195,-0.15641056,0.090909091,0.483870968
1586610,0.623442739,1.21343565,1.101560552,0.651629919,0.778641582,0.800188913,-0.128044114,0.28,0.508196721
1591400,0.603509039,1.552073359,1.245822363,0.673049601,0.770560861,0.777893484,-0.039440341,0.05,0.467741935
1594950,0.728341252,2.257119417,1.502371265,0.797218629,0.861010492,0.853545312,0.011943369,0.157894737,0.346938776
1596500,0.71949321,1.947294116,1.395454806,0.726772289,0.789830565,0.852269658,-0.054513678,0.263157895,0.444444444
1605500,0.694229364,1.18834877,1.090114109,0.752737543,0.832190216,0.834116385,-0.038949128,0.428571429,0.326086957
1606500,0.718407899,1.418656468,1.191073662,0.736384603,0.808623731,0.850651119,-0.058592476,0.333333333,0.294117647
1632000,0.470322132,5.047320366,2.246624216,0.588667753,0.732890844,0.687319312,-0.00297989,0.391304348,0.465517241
1632900,0.305157304,2.472157717,1.572309676,0.670499034,1.125499845,0.698523951,-0.021678299,0.444444444,0.490566038
1634500,0.525272399,3.073332548,1.753092282,0.549935477,0.669010818,0.729884003,-0.061259728,0.444444444,0.320754717
1638480,0.52743715,2.536827326,1.592742078,0.476748894,0.549376011,0.756830375,-0.048142847,0.105263158,0.431372549
1639500,0.676229328,1.298439264,1.139490792,0.689177564,0.81279397,0.830064601,-0.111712441,0.269230769,0.53030303
1644000,0.649248302,1.347174406,1.160678425,0.635239958,0.710525751,0.815267178,-0.066644691,0.136363636,0.283018868
1664000,0.715799898,1.283060193,1.13272247,0.771912799,0.871607125,0.848990167,-0.066879585,0.142857143,0.203389831
1666500,0.691990823,2.631064892,1.622055761,0.669121451,0.739360809,0.840232098,-0.061839584,0.238095238,0.474576271
1667500,0.798723549,1.501621485,1.225406661,0.763495388,0.827585697,0.898690956,-0.062176459,0.15,0.333333333
1669000,0.636288494,0.497271508,0.705174807,0.677130778,0.77308172,0.804999332,-0.103521585,0.523809524,0.446428571
1669520,0.599758595,1.308568835,1.143926936,0.640350153,0.72899586,0.777579668,-0.050111547,0.941176471,0.454545455
2011400,0.786828682,0.721343279,0.849319303,0.822446548,0.901840806,0.888915211,-0.056342822,0.263157895,0.354166667
2013000,0.771989897,1.168258786,1.080860207,0.677978474,0.745822012,0.894793472,-0.080454625,0.3125,0.183673469
2014000,0.772384435,0.799392104,0.894087302,0.729577295,0.859163165,0.887905245,-0.123147003,0.315789474,0.26
2015700,0.703365147,1.872306705,1.368322588,0.613887032,0.716448784,0.859844805,-0.124119036,0.238095238,0.222222222
2016000,0.779989839,1.134754539,1.065248581,0.738359767,0.818003953,0.889883888,-0.082077779,0.086956522,0.230769231
2017500,0.721069843,1.25219965,1.11901727,0.607706705,0.770806134,0.875373072,-0.185132191,0.222222222,0.319148936
2018000,0.725332469,1.295895219,1.138373936,0.599361889,0.735458612,0.877527727,-0.156648651,0.210526316,0.326086957
2027000,0.595419288,3.430892944,1.852266974,0.655257105,0.782458186,0.777383514,-0.094234243,0.136363636,0.403846154
2027500,0.522544503,7.161924362,2.676177192,0.511785559,0.614986837,0.737583852,-0.08034569,0.263157895,0.404255319
2028500,0.616072685,2.941012383,1.714938011,0.614382427,0.698600769,0.794165219,-0.074115671,0.285714286,0.358490566
2038850,0.554491341,2.27981782,1.50990656,0.50818974,0.67878449,0.761646697,-0.136924207,0.333333333,0.421875
2046000,0.382453144,1.779349327,1.333922534,0.693517723,1.009029627,0.694057201,-0.007390058,0.235294118,0.32
2051500,0.805387065,0.590148866,0.768211472,0.807451616,0.874412298,0.899285151,-0.052038837,0.315789474,0.259259259
2053200,0.772073343,1.124450803,1.060401246,0.708915321,0.741054296,0.892132983,-0.031672113,0.5625,0.511111111
2053800,0.638172716,1.117903829,1.057309713,0.790585062,0.981836557,0.81803371,-0.064614698,0.15,0.25
2055100,0.63861534,1.277545094,1.130285404,0.72129296,0.82464093,0.801009132,-0.049414821,0.235294118,0.25
2056900,0.708777517,0.923037112,0.960748204,0.790059806,0.917075992,0.848221419,-0.077208459,0.25,0.245901639
2059500,0.614045411,1.333972096,1.154977098,0.662909097,0.831940413,0.792690276,-0.113012873,0.142857143,0.338983051
2064000,0.551378965,3.562794685,1.887536671,0.492021792,0.617396176,0.762462233,-0.09447486,0.157894737,0.333333333
2065500,0.538033128,2.02000618,1.421269214,0.627300302,0.794848621,0.741172845,-0.091777034,0.708333333,0.344262295
2069700,0.636424094,0.804698467,0.897049869,0.616307516,0.767058849,0.846460811,-0.271600962,0.166666667,0.274193548
2070000,0.531520009,1.235961795,1.111738186,0.743645817,1.140194535,0.805463299,-0.072153211,0.25,0.268656716
2074500,0.676612288,2.1270473,1.458440023,0.692145798,0.745687962,0.826528176,0.001170459,0.25,0.301587302
2077200,0.418825805,10.54584789,3.247437127,0.482707173,0.627428532,0.647704916,-0.016873335,0.117647059,0.345454545
2081500,0.700414807,2.602667093,1.613278368,0.69787027,0.748921633,0.842295338,-0.018110016,0.421052632,0.35483871
2082950,0.544918537,3.429207325,1.851811903,0.583126542,0.673833549,0.741295782,-0.007050732,0.611111111,0.236363636
2092500,0.810444325,1.138300061,1.066911459,0.784788613,0.811256051,0.905337863,-0.01846464,0.631578947,0.434782609
2096846,0.569857508,3.657826424,1.912544489,0.675866006,0.826768696,0.758957447,-0.039503541,0.263157895,0.350877193
2102908,0.431549668,0.804962933,0.897197265,0.63201027,0.918113232,0.756410862,-0.33831957,0.291666667,0.391891892
2108000,0.768690079,1.176213861,1.084533937,0.779456053,0.869868934,0.879715635,-0.07150203,0.833333333,0.375
2111180,0.618027329,4.287269115,2.070572171,0.533680932,0.628756762,0.819859401,-0.132747337,0.333333333,0.333333333
2111500,0.370352268,2.344729424,1.531250934,0.636454206,1.011091948,0.704540103,-0.179026395,0.458333333,0.34375
2112120,0.571331173,1.490653992,1.220923418,0.702939243,0.967774212,0.795733796,-0.17961967,0.391304348,0.365079365
2112360,0.464270592,1.091660976,1.044825812,0.675783672,1.007761002,0.769730023,-0.267497689,0.230769231,0.408450704
2118500,0.64296484,1.372972846,1.17173924,0.669278919,0.84243834,0.817574161,-0.157621101,0.105263158,0.353846154
2125000,0.58071509,5.722708702,2.392218364,0.615914453,0.765757501,0.764461187,-0.060697373,0.454545455,0.444444444
2128000,0.483359098,6.142951965,2.478497925,0.453971829,0.581181586,0.710038359,-0.064740129,0.19047619,0.253731343
2137727,0.700362444,1.965585232,1.401993307,0.692691518,0.892793596,0.861333688,-0.201354161,0.545454545,0.338983051
2140991,0.771219611,1.855869889,1.362303156,0.774095681,0.876894414,0.883992768,-0.100862436,0.142857143,0.233333333
2143000,0.625767261,2.099168301,1.448850683,0.621661727,0.817122579,0.815633708,-0.198717967,0.238095238,0.31147541
2143040,0.655642748,2.455265522,1.566928691,0.750110786,0.878159225,0.816668101,-0.086734392,0.391304348,0.372881356
2149000,0.693166196,1.050898671,1.025133489,0.76136296,0.900393963,0.847804829,-0.15113312,0.28,0.446153846
2152100,0.599648476,1.521809578,1.233616463,0.802676872,1.052661538,0.811310425,-0.018047804,0.375,0.45
2177000,0.718644947,1.748860359,1.322444842,0.799713304,1.083485484,0.890120191,-0.190470144,0.166666667,0.163934426
2178400,0.73412025,2.256989002,1.502327861,0.783006207,0.882911026,0.869674618,-0.148453683,0.2,0.316666667
2193340,0.643636346,2.518628836,1.587018852,0.563848763,0.62515521,0.82926951,-0.048876606,0.315789474,0.25
2196000,0.776095778,1.028811932,1.014303668,0.712882937,0.78491509,0.888897104,-0.056833271,0.2,0.233333333
2198100,0.490525067,4.947221756,2.224235095,0.343891883,0.512996256,0.749783591,-0.124828279,0.882352941,0.375
2202600,0.675299942,1.555662751,1.247262102,0.60221917,0.71208638,0.837023938,-0.098487087,0.785714286,0.5
2212600,0.714466751,2.346868277,1.531949176,0.655649702,0.801196754,0.850345948,-0.078777157,0.105263158,0.148148148
2215100,0.696663916,1.418391824,1.190962562,0.65411096,0.784358025,0.844592166,-0.114209726,0.5,0.357142857
2216180,0.664409846,2.757130384,1.660460895,0.482483396,0.634313285,0.856620707,-0.14131026,0.411764706,0.302325581
2221525,0.802201003,0.68922621,0.830196489,0.663774724,0.793542445,0.912893594,-0.130111456,0.352941176,0.288461538
2231000,0.773945317,0.549144685,0.741042971,0.648262541,0.779206395,0.897329948,-0.131538928,0.733333333,0.512195122
2245500,0.468615532,2.24861455,1.499538112,0.379047956,0.501602709,0.732632067,-0.121489465,0.684210526,0.589285714
2246000,0.711196601,1.757977724,1.325887523,0.641812744,0.703675866,0.859792832,-0.060618546,0.473684211,0.377358491
2296500,0.626666099,0.707441688,0.841095528,0.757676247,0.954792142,0.808379073,0.073306896,1.294117647,0.515151515
2297155,0.460876524,1.91250515,1.382933531,0.527299185,0.725064397,0.68498852,-0.082016319,0.714285714,0.565217391
2297310,0.599074572,1.541514277,1.241577334,0.746800021,0.968866944,0.79574868,-0.064586908,1.153846154,0.685714286
2298123,0.548964888,0.989081323,0.994525677,0.719003199,0.896838844,0.756552585,-0.061046444,1.357142857,0.636363636
2298608,0.631364077,3.732513666,1.931971445,0.507409328,0.698991537,0.81684577,-0.148267642,0.769230769,0.340909091
2299950,0.434123755,5.898155689,2.428611885,0.453748305,0.649717331,0.66604871,-0.096075244,1,0.351851852
2300700,0.455041707,9.65489006,3.107231897,0.305546994,0.539157748,0.715723023,-0.161376581,0.8,0.523809524
2342933,0.628751397,7.111938953,2.666821883,0.607051971,0.66783905,0.804981635,0.020877896,0.3,0.423728814
2349900,0.673388273,2.303171873,1.517620464,0.626485566,0.715490758,0.832112669,-0.07363832,0.368421053,0.5
2350900,0.744683295,0.644996285,0.803116608,0.589948263,0.747401595,0.904654654,-0.221332937,1.166666667,0.565217391
2361000,0.616747916,3.752067327,1.937025381,0.482968524,0.565421224,0.838454759,-0.10821791,0.684210526,0.407407407
2363000,0.650829971,2.39166379,1.546500498,0.543802787,0.686817825,0.832296274,-0.143955246,0.631578947,0.395833333
2369800,0.710149169,7.156512737,2.675165927,0.532662241,0.6265136,0.887640484,-0.097822249,0.294117647,0.461538462
2371500,0.811520174,0.951239109,0.975314877,0.691578963,0.794546545,0.918587025,-0.1299842,1.263157895,0.547619048
2372250,0.699363023,2.379557133,1.542581321,0.589156577,0.668046594,0.865242864,-0.101959854,0.705882353,0.479166667
2374500,0.752749965,0.986234784,0.993093542,0.842399385,1.10688889,0.894106251,-0.037410386,0.782608696,0.382352941
2381600,0.380105138,4.739983082,2.17715022,0.644844444,1.27391541,0.787133685,-0.050178111,0.166666667,0.338461538
2384540,0.6771743,7.530752659,2.744221685,0.73230087,0.868575335,0.82854894,-0.087845996,0.238095238,0.344827586
2395120,0.672561646,2.838570118,1.684805662,0.637055945,0.898116052,0.837078346,-0.15624626,0.375,0.355932203
2415000,0.797391236,2.019855022,1.421216037,0.628384486,0.768675029,0.918190269,-0.152732879,0.157894737,0.310344828
2427250,0.797615409,2.366324663,1.538286275,0.724826389,0.793481469,0.901952883,-0.064323835,0.095238095,0.140350877
2430085,0.560089052,6.785394192,2.604878921,0.696257641,0.896000147,0.764168001,-0.08052291,0.739130435,0.476190476
2450250,0.781635299,5.155417442,2.270554435,0.830037734,0.91264689,0.885176908,0.033886097,0.235294118,0.296296296
2464000,0.824388981,1.996764541,1.413069192,0.772352167,0.89803648,0.91253811,-0.090147331,0.25,0.315789474
2464360,0.735529602,1.670272946,1.2923904,0.804743081,1.018293977,0.874599063,-0.09351825,0.5,0.402985075
2465493,0.826785058,0.701514781,0.837564792,0.853193595,0.984629452,0.915092163,-0.07598155,0.285714286,0.268656716
2469800,0.81721057,1.815396547,1.347366523,0.824926251,0.875811934,0.905234891,-0.037066694,0.380952381,0.254237288
2472000,0.824667871,1.691309094,1.3005034,0.773791599,0.806526303,0.915521113,-0.040387854,0.733333333,0.470588235
2472500,0.820471823,1.453691363,1.205691239,0.782700757,0.985886693,0.914783447,-0.10630735,0.375,0.222222222
2479155,0.651137859,6.550624847,2.55941885,0.582876728,0.629904449,0.832963953,-0.038183194,0.318181818,0.4
2479300,0.703565598,2.536761522,1.59272142,0.668147425,0.788544655,0.85387395,-0.145832747,0.826086957,0.433962264
2479560,0.745761007,2.289917469,1.513247326,0.681733448,0.804487586,0.879831288,-0.150550365,1.095238095,0.566037736
2481000,0.693743229,7.604090214,2.757551489,0.759264117,0.826724827,0.832937848,0.00190256,0.45,0.383333333
2481510,0.784397379,2.653185368,1.628860144,0.728956627,0.783100545,0.895424882,-0.069076523,0.608695652,0.366666667
3010655,0.694891304,1.572816849,1.25411995,0.716240055,0.772687733,0.836606289,-0.030547874,0.470588235,0.361702128
3011800,0.686012864,1.846331835,1.358797937,0.804498626,0.901358247,0.831225121,0.001910059,0.315789474,0.333333333
3015500,0.796029821,1.403246999,1.184587269,0.751140798,0.781641066,0.901538512,-0.048646472,0.3,0.288135593
3021350,0.662922382,4.597611427,2.144204148,0.758363293,0.845653117,0.814843299,0.009900168,0.181818182,0.409836066
3026500,0.612045795,2.245031595,1.49834295,0.749377037,0.904288709,0.793884954,0.077579491,0.173913043,0.389830508
3028000,0.731236786,1.767959952,1.329646552,0.742332096,0.795540273,0.859089175,-0.052525926,0.173913043,0.303571429
3049000,0.689957321,1.09821856,1.047959236,0.707035675,0.798697054,0.836478887,-0.091170751,0.1,0.406779661
3049800,0.352413416,1.926140904,1.387854785,0.605390697,0.860239863,0.635612513,-0.033651911,0.227272727,0.473684211
3050000,0.817409366,2.165421724,1.471537198,0.756846739,0.774303257,0.915193369,-0.01787461,0.19047619,0.224137931
3069500,0.826011866,2.420524597,1.555803521,0.787130823,0.828204334,0.914934733,-0.059762198,0.086956522,0.306451613
3070500,0.793796882,1.667971015,1.291499522,0.798603109,0.847650409,0.893845001,-0.055027932,0.318181818,0.344827586
3076600,0.675968051,2.139593363,1.462734891,0.726915871,0.841612816,0.828460087,-0.101020083,0.263157895,0.407407407
3078000,0.702316821,2.211346865,1.487059805,0.718417204,0.84383148,0.847366092,-0.125299454,0.2,0.388888889
3140000,0.662492216,0.958771944,0.979169007,0.791381475,0.923980176,0.821330624,-0.039431766,0.318181818,0.410714286
3144000,0.832935095,1.042975664,1.0212618,0.824767511,0.847396791,0.915190467,-0.006520189,0.263157895,0.245283019
3170000,0.609986097,0.578588545,0.760650081,0.69744502,1.252800107,0.874333863,-0.106004365,0.12,0.338461538
3173000,0.778542325,0.822403431,0.906864616,0.77552942,0.878839612,0.886699346,-0.087359376,0.047619048,0.24
3180500,0.736063182,3.241999865,1.800555432,0.731871765,0.771193087,0.862983359,-0.015862314,0.263157895,0.240740741
3182500,0.847646326,1.346539378,1.160404834,0.815013348,0.830664814,0.925554706,-0.001041395,0.052631579,0.236363636
3186500,0.750731826,3.43427968,1.853180963,0.697351866,0.799274325,0.879727004,-0.129287049,0.142857143,0.339285714
3237280,0.399076223,4.661923409,2.159148769,0.649919043,0.909885645,0.674995769,-0.037012026,0.380952381,0.471698113
3237500,0.764875993,3.0245924,1.739135532,0.821409609,0.874197841,0.874595742,-0.006446931,0.095238095,0.306451613
3238500,0.74252519,4.187500954,2.046338426,0.858465788,0.967421889,0.867554849,0.012360772,0.15,0.352941176
3241500,0.725043714,0.86689496,0.931071942,0.837727957,1.055845141,0.87233664,-0.047456238,0.5,0.37254902
3280700,0.67937544,3.144529581,1.773282149,0.815857845,0.928906739,0.830139023,-0.000539121,0.368421053,0.416666667
3281500,0.849005908,1.225448489,1.106999769,0.82159314,0.874406099,0.924335857,-0.053832252,0.454545455,0.350877193
3285000,0.650079608,5.714687347,2.390541225,0.640030057,0.742455184,0.811817796,-0.06447725,0.380952381,0.278688525
3291780,0.635550737,6.9844594,2.642812782,0.758395028,0.891582131,0.802707607,-0.029833836,0.15,0.415384615
3338780,0.66927126,2.555844784,1.598700968,0.704477885,0.801118433,0.82016805,-0.055149734,0.578947368,0.345454545
3340800,0.756519988,1.884823084,1.372888591,0.865103886,0.993762076,0.877709671,0.019649817,0.1875,0.259259259
3346000,0.715444595,2.376729727,1.541664596,0.814526703,0.986182809,0.856591384,0.038862363,0.444444444,0.3
3364500,0.780212536,1.696463108,1.302483439,0.887488386,1.040034056,0.895111223,-0.002989365,0.117647059,0.375
3366500,0.685621887,4.107206821,2.02662449,0.779365406,0.86118412,0.828665477,0.002668619,0.2,0.442622951
3368000,0.55447796,10.84819508,3.29365983,0.704749602,0.84406662,0.750519256,-0.007077022,0.363636364,0.34375
3384450,0.682694554,4.645480156,2.155337597,0.782332502,0.86760366,0.82723897,-0.00067143,0.1,0.321428571
3439000,0.780140758,2.478821278,1.574427286,0.696732804,0.77451092,0.917672036,-0.203681409,0.333333333,0.295081967
3455500,0.706107587,6.71763134,2.591839374,0.699344061,0.766219974,0.849247315,-0.090663403,0.6,0.369230769
3456500,0.711532623,3.768780947,1.941334836,0.797226259,0.934615433,0.853309886,-0.099972524,0.52173913,0.418181818
3460000,0.718719184,1.841348648,1.356963024,0.829837509,0.988700926,0.862527198,-0.096509911,0.25,0.322033898
3463300,0.774471194,5.411159515,2.326189914,0.653645708,0.854049265,0.904141645,-0.201225534,0.125,0.383333333
3471500,0.726237327,1.083323121,1.040828094,0.844848283,0.968336523,0.86012999,-0.043331765,0.25,0.37254902
3473000,0.75610061,0.871656835,0.93362564,0.837463652,1.044050336,0.888226933,-0.092550188,0.25,0.388888889
3479000,0.722747147,3.901027679,1.975101942,0.826863593,0.911853254,0.852296145,-0.010700696,0.333333333,0.169230769
3488000,0.695254922,1.367739916,1.169504132,0.799773764,1.011826515,0.853284846,-0.087776035,0.157894737,0.235294118
3498500,0.84020941,1.532078385,1.23777154,0.870060557,1.076436639,0.929673756,-0.050443318,0.272727273,0.222222222
3500000,0.826639429,0.964246213,0.981960393,0.804539256,0.862710297,0.921977977,-0.141036525,0.181818182,0.215384615
3500240,0.788382322,1.320638657,1.149190435,0.819454978,0.916953266,0.897968396,-0.132681787,0.2,0.338461538
3504000,0.789117947,2.307102203,1.518914811,0.830984147,0.927148521,0.900275345,-0.143720448,0.16,0.353846154
3574500,0.808352977,5.295239449,2.301138729,0.770595639,0.79873687,0.905749579,-0.024033172,0.166666667,0.224489796
3592718,0.424836993,9.326218605,3.053885821,0.719624574,1.059242129,0.730364792,0.0208659,0.391304348,0.26984127
3604000,0.651148796,5.742080688,2.396263902,0.641434087,0.747210145,0.813678728,-0.080661081,0.368421053,0.254545455
4015330,0.683713257,2.106566429,1.45140154,0.698305442,0.756538749,0.830509495,-0.023688022,0.235294118,0.411764706
4024430,0.688323826,0.702812254,0.838338985,0.630527155,0.721263647,0.847209036,-0.116520852,0.8,0.414634146
4027000,0.730286926,0.648979187,0.805592445,0.710889521,0.835258961,0.863694157,-0.121951282,0.833333333,0.441860465
4040500,0.639537692,0.783481121,0.885144689,0.689689467,0.830000043,0.809476937,-0.123668939,0.8125,0.536585366
4043050,0.735188901,1.173627496,1.083340895,0.867187884,1.040362835,0.873516701,-0.00219815,0.352941176,0.5
4045500,0.817540586,0.158274993,0.397837898,0.820425839,0.885749638,0.912200876,-0.117771655,1.5,0.625
4057510,0.757379651,0.183927238,0.42886739,0.742171211,0.774664462,0.876457643,0.020891845,0.65,0.473684211
4057800,0.679212064,0.705473483,0.839924689,0.759249866,0.864602387,0.828190423,-0.073221996,0.736842105,0.547619048
4059500,0.784244031,0.23687169,0.486694657,0.824928113,0.868409753,0.885825567,0.011815836,0.5,0.35
4063700,0.715750247,0.189816996,0.435679924,0.611695197,0.679847717,0.888564758,-0.173879966,1.055555556,0.523809524
4074950,0.573047638,0.112789206,0.335841043,0.635758527,0.744918287,0.860930554,-0.393312931,0.6875,0.425
4105700,0.528449297,0.078554325,0.280275445,0.777091365,0.949846923,0.855363638,-0.440761358,0.481481481,0.26984127
4115265,0.470692575,0.147721887,0.384346051,0.701682466,0.921052754,0.726065593,-0.135862574,0.333333333,0.294117647
4122200,0.678890556,0.063920721,0.252825476,0.746587664,0.814909816,0.843177273,-0.176800385,0.782608696,0.340425532
4122500,0.737171948,0.046480298,0.215592899,0.796208446,0.852508545,0.865701914,-0.109971605,0.857142857,0.488372093
4127918,0.678509563,0.51510489,0.717708081,0.58943139,0.719976127,0.864097616,-0.21767889,0.789473684,0.510638298
4127997,0.307896435,0.074822485,0.273536991,0.739061449,1.007930756,0.784731109,-0.508023798,0.625,0.294117647
4161580,0.649983078,0.115859367,0.340381208,0.703729681,0.80457598,0.818295809,-0.139415756,0.545454545,0.4
4185000,0.818227097,0.349599838,0.591269683,0.834859091,0.865661263,0.905504483,0.01112613,0.565217391,0.333333333
4196800,0.614625782,1.431597829,1.196493974,0.768046092,0.904716909,0.792204499,0.017411349,0.95,0.433962264
4197100,0.66754359,1.217636824,1.103465824,0.807747242,1.108896613,0.855839872,0.029675284,0.35,0.211538462
4197170,0.689388037,2.448976517,1.56492061,0.790118416,0.880536556,0.831810817,-0.012125751,0.263157895,0.298245614
4213000,0.691941112,2.50842452,1.583800657,0.725068249,0.781315804,0.833469255,0.003145187,0.368421053,0.379310345
4213075,0.453059494,3.788434982,1.946390244,0.592268943,0.76989007,0.681359623,-0.057912234,0.55,0.462686567
4216418,0.688860536,1.593643188,1.262395813,0.825701965,0.954400659,0.83849546,0.027930278,0.157894737,0.490566038
4221000,0.748431593,1.073646069,1.036168938,0.714540877,0.771045506,0.874173201,-0.071497381,0.111111111,0.224489796
4224775,0.623891532,1.450423717,1.204335384,0.591642011,0.699479103,0.804970008,-0.113828123,0.05,0.464285714
4233000,0.668253362,1.280515194,1.131598513,0.686672692,0.77546078,0.822426264,-0.076979212,0.3,0.379310345
4256000,0.792021379,1.672618508,1.293297533,0.805496096,0.8592785,0.892879339,-0.063899204,0.227272727,0.333333333
4296000,0.772829115,0.931155145,0.964963805,0.841385771,0.897774518,0.879356531,0.009978333,0.5,0.467741935
5057200,0.393251777,0.137917131,0.371371958,0.339295909,0.445419014,0.666126855,-0.041967239,1.5,0.653846154
5120500,0.414094567,0.011135624,0.105525465,0.439439897,0.714249492,0.657605738,0.123053841,1.875,0.777777778
5291000,0.513431489,0.319158822,0.564941433,0.39125124,0.493323833,0.774483705,-0.085689418,1,0.483870968
5362000,0.786022991,0.656983614,0.810545257,0.837946452,0.886863232,0.886672555,-0.012852596,0.294117647,0.347826087
5393500,0.731011212,1.444354534,1.20181302,0.737563751,0.816714108,0.858239659,-0.061965503,0.526315789,0.229166667
5399500,0.564595103,2.152127028,1.467012961,0.755991535,0.940306067,0.770582032,-0.019883212,0.411764706,0.37037037
5408000,0.60362798,0.117830634,0.343264671,0.674626026,0.776384532,0.787933485,-0.130682424,0.666666667,0.372881356
5413500,0.49758178,0.237609774,0.48745233,0.751443419,1.01530838,0.752901441,0.02052913,0.428571429,0.555555556
5414000,0.385454357,0.53365761,0.730518727,0.61607137,0.842437387,0.650020613,0.006942752,0.466666667,0.36
5444000,0.385641217,1.317885756,1.147992054,0.381760186,0.535604835,0.642324081,-0.12469995,0.6,0.442307692
5454000,0.516060472,3.024811983,1.739198661,0.613933852,0.872297943,0.735606114,0.079820082,0.3125,0.380952381
5458000,0.403118074,1.373100042,1.171793515,0.708134767,1.037499547,0.713203192,0.019302398,0.875,0.395348837
5466500,0.508266807,0.976517618,0.98818906,0.721250783,1.193152189,0.810308651,0.042003341,1.111111111,0.465116279
5487980,0.783930004,1.968632579,1.403079677,0.804737961,0.871212423,0.885893695,-0.025731103,0.2,0.352941176
5488200,0.700521618,2.668321609,1.633499804,0.82344549,0.924214721,0.841096452,0.003604799,0.4,0.367346939
5489000,0.733629286,1.726372123,1.313914808,0.793248224,0.864008188,0.856755581,-0.018661527,0.294117647,0.530612245
5495000,0.727287471,1.449118972,1.203793575,0.844701472,0.957715929,0.858717613,-0.017543972,0.235294118,0.283018868
5495500,0.711250126,2.771120071,1.664668157,0.806839079,0.932214975,0.848012296,0.028011782,0.318181818,0.261538462
5501000,0.728148788,2.214782,1.488214366,0.813231809,0.8848176,0.853891053,-0.004969257,0.210526316,0.396226415
5503800,0.668115944,5.255940437,2.292583791,0.716709469,0.842923462,0.81850977,-0.035302527,0.5,0.392857143
5507600,0.620301008,4.963210583,2.227826426,0.718770837,0.920294821,0.797907948,0.037114792,0.25,0.421875
5508805,0.65757978,3.25783968,1.804948664,0.814710585,1.071210384,0.842672779,0.016976593,0.142857143,0.412698413
5525500,0.746513397,0.970323563,0.985050031,0.861737081,1.011464477,0.875201282,0.029937584,0.315789474,0.272727273
5556500,0.537512362,1.704293847,1.305486058,0.737369969,0.926682591,0.753755116,0.027028702,0.25,0.239130435
5584500,0.76458016,0.857549012,0.926039422,0.823482488,0.987856686,0.882564889,0.057046272,0.578947368,0.421052632
5591550,0.718246639,1.602326035,1.265830176,0.839449645,0.940899432,0.852162427,0.007742128,0.166666667,0.272727273
5592050,0.690248787,2.469166517,1.571358176,0.73790819,0.820282161,0.831322918,-0.026965369,0.1875,0.333333333
5592575,0.590021759,5.746779442,2.397244135,0.761582881,0.922137558,0.781082918,0.013128043,0.470588235,0.293103448
5593575,0.810829282,3.165589333,1.779210312,0.797468565,0.90830797,0.901152997,-0.034586783,0.105263158,0.333333333
5593900,0.459036291,4.973647594,2.230167616,0.737937403,1.044557214,0.742010732,0.003041083,0.375,0.406779661
5595730,0.781171992,5.510507107,2.347446934,0.695155876,0.720938206,0.902379746,-0.014005475,0.176470588,0.306451613
6221400,0.829231724,0.764563918,0.874393457,0.798241348,0.834875464,0.916061971,-0.057849474,1.2,0.571428571
6224000,0.773956031,1.180543184,1.086528041,0.63231723,0.691322267,0.915735695,-0.119391777,0.9,0.5
6278300,0.808363736,1.955297351,1.398319474,0.672879467,0.754091442,0.917953277,-0.086161427,0.9,0.619047619
6280300,0.830890447,0.662587881,0.813995013,0.786445719,0.813123703,0.918616562,-0.042862844,1,0.518518519
6289000,0.711101323,0.218616605,0.467564546,0.70755858,0.868845522,0.867369118,-0.203041047,0.9,0.6
6291500,0.52737987,0.24652873,0.496516596,0.760323433,1.023524642,0.770683892,-0.051432487,1.4,0.826086957
6311000,0.668835461,0.603032053,0.776551384,0.603024369,0.692401826,0.836106294,-0.0979148,1.8,0.807692308
6332515,0.391488373,0.069926493,0.264436179,0.346970438,0.648389041,0.629569908,0.067199357,0.769230769,0.575
6339100,0.339316547,0.108599924,0.329545025,0.317984083,0.603470087,0.584987927,0.05052508,0.8,0.55
6344600,0.175657034,0.088284969,0.297127867,0.352221355,0.700573742,0.476876702,0.041400757,0.727272727,0.631578947
6350000,0.001476228,0.062806137,0.250611526,0.098183748,0.526464105,0.266162768,0.040118381,1.6,0.696969697
6352000,-0.00141716,0.072772935,0.269764592,0.022558027,0.426607549,0.211868281,0.013871333,0.909090909,0.78125
6404000,0.526053995,0.208995,0.457159709,0.290850153,0.430825263,0.851451483,-0.148287699,0.727272727,0.609756098
6406000,0.476620078,0.050589032,0.224920058,0.30337293,0.444401145,0.803286271,-0.199625105,0.9,0.344827586
6409000,0.056900799,0.01630583,0.127694285,0.408533407,0.797611415,0.455248623,0.182038933,1,0.647058824
6431500,0.589471161,0.027505061,0.165846497,0.799240701,1.048653364,0.805501705,0.015460737,1,0.576923077
6440200,0.359033287,0.238286868,0.488146359,0.262278733,0.316388726,0.725672247,-0.007336528,0.857142857,0.527272727
6447500,0.288914561,0.013418672,0.11583899,0.310886492,0.486806124,0.540183012,0.005833468,1.166666667,0.837209302
6470800,0.281003892,0.527143717,0.726046635,0.12781257,0.301819026,0.639730168,-0.118603215,1.090909091,0.724137931
6477500,0.507232934,0.073346801,0.270826146,0.454013015,0.522996008,0.74681089,0.020010352,1,0.571428571
6479215,0.474871159,0.445606083,0.667537327,0.440458464,0.536374748,0.712178064,-0.037678126,0.714285714,0.6
6601000,0.456733704,0.381129414,0.617356796,0.601769882,0.762807667,0.680857068,-0.010806607,0.533333333,0.547169811
6614800,0.800327435,3.113952398,1.764639453,0.710063551,0.751554728,0.910697772,-0.060962889,1.2,0.904761905
6622700,0.794011489,1.438473582,1.199363824,0.715836167,0.789993763,0.901674085,-0.080821887,2.2,0.833333333
6623800,0.810880616,1.336585164,1.156107765,0.859363715,0.903560996,0.900595109,-0.01349589,1.545454545,0.875
6632400,0.670998603,2.142430782,1.463704472,0.67718858,0.761156738,0.823820374,-0.061275486,1.9,0.888888889
6746095,0.734196037,12.22371483,3.496242959,0.752474072,0.858135939,0.86055085,-0.07966128,1.545454545,0.791666667
6803510,0.472704113,3.138827085,1.771673527,0.593102162,0.742177486,0.689583323,0.007412419,0.25,0.362068966
6803530,0.842769325,0.487235039,0.698022234,0.847240653,1.003783464,0.92197761,0.024107499,0.416666667,0.368421053
6814000,0.713753223,1.408193588,1.186673328,0.774508691,0.978609264,0.854869077,-0.041668858,0.4,0.425925926
6847900,0.158494413,0.01149706,0.107224343,-0.267738022,0.331898957,0.437636044,0.147819132,1.1,0.820512821
6853800,0.396750748,0.197932526,0.444896085,0.513818852,0.705717683,0.634778926,-0.034076869,0.857142857,0.555555556
6876700,0.559911996,0.418379545,0.646822654,0.527554457,0.736388981,0.752966299,-0.082288258,0.769230769,0.631578947
6878000,0.506573498,1.026211143,1.013020801,0.454845848,0.710828722,0.719407296,-0.104401626,0.4,0.538461538
6879650,0.285121739,8.768143654,2.961105141,0.353104483,0.582935035,0.537024949,-0.034149308,0.416666667,0.357142857
6885500,0.687219083,1.523957849,1.234486877,0.84323452,1.05386734,0.852981899,0.002016673,0.333333333,0.293103448
6888500,0.728572518,2.458566189,1.567981565,0.647168859,0.738070965,0.86430159,-0.05010546,0.058823529,0.25
6889200,0.711679965,2.317886114,1.522460546,0.786694389,0.867965937,0.844090837,-0.015471134,0.058823529,0.272727273
6889500,0.760582805,1.722083449,1.312281772,0.731278599,0.77799803,0.878173222,-0.023881732,0.117647059,0.277777778
6892000,0.725784332,1.535039902,1.238967272,0.831857549,0.939475715,0.856232663,-0.020508958,0.875,0.5
6903400,0.786116987,2.619958878,1.618628703,0.814798868,0.853047848,0.887293596,0.000328224,0.375,0.470588235
6906800,0.768175706,4.714321613,2.17124886,0.749094812,0.778384268,0.882637407,0.002098651,0.105263158,0.37704918
6910800,0.805846125,1.943813205,1.394207016,0.857137912,0.910152495,0.897817009,0.008781304,0.125,0.152542373
6911900,0.718259454,3.303798676,1.817635463,0.758833341,0.855608881,0.847813301,0.021613799,0.294117647,0.160714286
6917000,0.705159783,3.443785667,1.855743966,0.590758218,0.691632926,0.858675166,-0.065269984,0.529411765,0.321428571
6918460,0.697099417,1.866177201,1.366080964,0.667189221,0.831532717,0.842706527,-0.113710269,0.125,0.238095238
6919500,0.813720882,1.521002054,1.23328912,0.74506865,0.781777561,0.911967494,-0.031849969,0.166666667,0.307692308
6921070,0.735706538,2.903692245,1.704022372,0.67547427,0.763826907,0.86594933,-0.061096139,0.4,0.321428571
6921200,0.586526662,6.69907856,2.588257823,0.482424748,0.631121635,0.785482101,-0.081414372,0.315789474,0.433333333
7057500,0.591693074,1.195683956,1.093473345,0.546060842,0.713415325,0.816427769,-0.25347513,0.263157895,0.29787234
7060710,0.502519637,2.298974037,1.516236801,0.503421408,0.593685806,0.720421883,-0.020638976,0.315789474,0.456140351
7066000,0.629251719,1.817157626,1.348019891,0.526793942,0.639446735,0.829907097,-0.152377754,0.368421053,0.4
7083000,0.854902059,0.665166318,0.815577292,0.780507472,0.806443334,0.934822688,-0.050101645,1.4,0.6
7142300,0.386444986,0.014406344,0.12002643,0.305149185,0.551154375,0.640721209,0.126713827,1.5,0.64516129
7145700,0.675043792,1.756736755,1.325419464,0.81356651,0.933149695,0.828296549,0.006097828,0.4375,0.345454545
7167500,0.465944648,9.446817398,3.073567536,0.48865782,0.596995354,0.688786314,-0.007511985,0.25,0.29787234
7180500,0.659350425,2.314177275,1.521242017,0.636128437,0.764302671,0.815197669,-0.051054362,0.2,0.381818182
7184000,0.63702774,11.17151928,3.342382276,0.665957281,0.73195827,0.801137657,0.002832857,0.555555556,0.203389831
7195800,0.510415047,3.10424614,1.761887096,0.328364788,0.531492412,0.785575417,-0.205318421,0.368421053,0.446428571
7196900,0.570826083,8.20527935,2.864485879,0.600813301,0.702302039,0.758446982,-0.035545919,0.263157895,0.37037037
7197000,0.767097145,1.968860626,1.403160941,0.768618352,0.876167119,0.87883733,-0.072462253,0.210526316,0.142857143
7208500,0.410731256,0.103203498,0.321253012,0.271544793,0.392287761,0.773357671,-0.205271885,0.9,0.71875
7261000,0.635149419,3.383743048,1.839495324,0.737314311,0.849834919,0.799428706,-0.037363935,0.210526316,0.386363636
7263295,0.531658381,5.710340023,2.389631776,0.719537495,1.192658544,0.819775247,0.036484446,0.368421053,0.264150943
7291000,0.543634713,9.576155663,3.094536421,0.635148106,0.808671176,0.742503368,-0.057431363,0.6,0.446153846
7299670,0.249682367,0.58475858,0.764695089,0.564911289,1.265755057,0.731974804,0.034398373,0.545454545,0.303571429
7301410,0.423363149,0.005771791,0.075972305,0.452641431,0.683204472,0.66929641,0.156208351,0.857142857,0.7
7315200,0.503292173,1.548959732,1.244572108,0.488530344,0.574562371,0.725341498,-0.009684362,0.454545455,0.403846154
7315700,0.546396405,2.285444736,1.511768744,0.380181552,0.513788342,0.793230099,-0.068774305,0.823529412,0.482142857
7335700,0.639145911,16.95037651,4.117083496,0.629276537,0.745938599,0.804435958,-0.067449234,0.285714286,0.4
7340300,0.602767199,11.88794899,3.447890513,0.683105211,0.814694226,0.778888236,-0.0511625,0.130434783,0.35
7346045,0.728145182,0.716494381,0.846459911,0.579861381,0.718486726,0.892769353,-0.196258858,1.176470588,0.575
7359610,0.6305857,11.32722664,3.365594545,0.609608875,0.7117033,0.801588955,-0.062287755,0.157894737,0.220338983
7362100,0.73377791,3.038635254,1.743168166,0.730784853,0.769095778,0.861587392,-0.000498016,0.533333333,0.209302326
7362587,0.636041254,15.55313873,3.943746789,0.697193238,0.778248727,0.797842708,-0.01130447,0.058823529,0.309090909
7375000,0.683974773,7.349495888,2.710995368,0.491455403,0.578738391,0.889390616,-0.102645628,0.4,0.293103448
8013000,0.694049299,3.748682261,1.936151404,0.551599851,0.625271142,0.876478532,-0.105167367,1.0625,0.634146341
8014500,0.712347656,2.0382936,1.427688201,0.611459895,0.730930507,0.867957175,-0.149082899,0.666666667,0.480769231
8023080,0.763729155,4.604975224,2.1459206,0.75135152,0.919436216,0.876859886,0.057804603,0.1875,0.428571429
8050800,0.462848842,9.304353714,3.050303872,0.33399455,0.515277267,0.710322961,-0.060556185,0.066666667,0.345454545
8066200,0.603259981,11.83482552,3.440178123,0.57882923,0.646458685,0.790073974,-0.018207466,0.166666667,0.350877193
8066300,0.545024574,3.271184921,1.808641734,0.495463231,0.607724309,0.75780797,-0.081995614,0.75,0.347826087
8070000,0.478469312,6.685964584,2.585723223,0.465488274,0.560031772,0.707603486,-0.021352006,0.857142857,0.452830189
8070200,0.616105378,3.576313972,1.891114479,0.589787232,0.641861498,0.800891295,-0.005570536,0.666666667,0.510204082
8082700,-0.081491113,0.46927765,0.68503843,-0.828357846,0.822188437,0.380253429,0.175434187,0.9,0.367346939
8086212,0.398132503,0.689704418,0.830484448,0.351447434,0.474004686,0.657328899,0.018467113,0.636363636,0.239130435
8086290,0.411719441,0.60140264,0.775501541,0.337319034,0.70042944,0.646669285,0.059762545,1.181818182,0.418181818
8101000,0.553952157,1.35920918,1.165851268,0.391631127,0.50284189,0.805066665,-0.053294905,0.384615385,0.391304348
8103900,0.22437048,1.560703516,1.2492812,0.585420347,1.042422056,0.629998902,0.049349871,0.4,0.333333333
8104900,0.574403584,1.335968614,1.155841085,0.331226085,0.556132317,0.805961859,-0.112943478,0.230769231,0.365853659
8109700,0.43934691,0.960877895,0.980243794,0.512324003,1.335952401,0.834125782,0.067741327,1,0.673913043
8150800,0.504736066,0.438849926,0.66245749,0.544258606,0.713686109,0.710785136,0.021703858,0.222222222,0.5
8158700,0.633958131,0.974842966,0.987341362,0.679947587,0.846987486,0.799710511,-0.057824116,0.090909091,0.558823529
8158810,0.357884288,3.382037878,1.839031777,0.516113288,0.737254679,0.611866828,-0.027831156,0.5,0.4
8164300,0.757511765,2.182325125,1.477269483,0.666617874,0.860786557,0.871775199,0.0485745,0.5625,0.422222222
8164600,0.69815135,7.228107929,2.688514075,0.660683351,0.745635927,0.841419844,0.025717905,0.25,0.369565217
8165300,0.362697423,0.397130281,0.630182736,0.521985946,0.797657013,0.628398915,-0.05949337,0.222222222,0.394736842
8171300,0.649037451,1.171156645,1.08219991,0.592095554,0.648583174,0.825196223,-0.026816651,0.111111111,0.484848485
8175000,0.607309759,1.420676351,1.191921285,0.58620954,0.73373431,0.781645333,0.036935166,0.636363636,0.596153846
8176900,0.404934049,2.290342093,1.513387621,0.326093824,0.568253398,0.642436972,0.04783383,0.583333333,0.435897436
8178880,0.298825741,1.115635395,1.05623643,0.202175312,0.471011996,0.570664361,-0.130005628,0.3,0.318181818
8189500,0.641991228,0.529617548,0.727748272,0.450688172,0.905190051,0.811941042,0.092529207,0.285714286,0.48
8190000,0.456193984,0.959877968,0.979733621,0.277868607,0.373600483,0.802802276,-0.063901387,0.111111111,0.4
8190500,0.286085308,0.833898783,0.913180586,0.168336987,0.234246477,0.728003501,-0.010380107,0.166666667,0.52
8194200,-1.487300396,0.211516798,0.459909554,-3.06403109,1.632254124,0.4257826,0.461538106,0.8,0.644444444
8195000,0.432256639,1.308048964,1.143699682,0.292758181,0.459684581,0.709612101,-0.093962274,0.333333333,0.5
8196000,0.459032238,1.203708053,1.097136296,0.419312975,0.520447791,0.701955512,-0.027644634,0.454545455,0.473684211
8198500,0.353486359,1.116681933,1.056731723,0.272297563,0.407218635,0.638610686,0.02819523,0.5,0.413793103
8200000,0.304079235,4.116706848,2.028966941,0.091030852,0.289045423,0.685050287,-0.09162347,0.5,0.324324324
8202700,0.433884501,0.90027082,0.948826022,-2.406132644,0.419606119,0.74573103,0.125987932,0.5,0.214285714
8267500,0.712881356,0.474697709,0.688983098,0.683246566,0.782711744,0.861399962,-0.151448846,1.9,0.8
8269000,0.745934725,0.139051378,0.372895934,0.623868806,0.679980576,0.896969378,-0.107402205,1.444444444,0.833333333
8271000,0.769447789,0.597758889,0.773148685,0.745797607,0.845023096,0.89030876,-0.145434201,1.666666667,0.826086957
8324000,0.732746422,0.014373936,0.11989135,0.690438707,0.731642663,0.869062084,0.060318809,0.923076923,0.757575758
8377900,0.650534689,0.555445492,0.745282156,0.705271858,0.780825198,0.807405905,-0.025749911,0.454545455,0.8125
8378500,0.648217261,0.299756765,0.547500471,0.618946804,0.707573116,0.821895698,-0.119271375,1.181818182,0.689655172
8380500,0.369941235,0.261133939,0.51101266,0.323285878,0.454437435,0.644160409,-0.094902314,1.153846154,0.6875
9035800,0.881742284,0.297992229,0.545886645,0.789778682,0.845697641,0.94870949,-0.087726772,0.9,0.75
9035900,0.884702593,0.415304184,0.644440986,0.863047024,0.907374561,0.942772955,-0.053527597,1.1,0.695652174
9047700,0.70452261,0.404057741,0.635655364,0.70294811,0.766249001,0.845469214,-0.063401476,1,0.5
9065500,0.874534473,1.534090519,1.238584078,0.89343329,0.928101957,0.935561369,-0.026171543,1.6,0.708333333
9066000,0.887422897,0.77657634,0.881235689,0.765042853,0.799414098,0.956829516,-0.057621237,0.8,0.684210526
9066200,0.826737836,1.881795049,1.371785351,0.7852976,0.823242068,0.915128686,-0.047744147,1.2,0.739130435
9066300,0.826807722,0.593876481,0.770633818,0.7863746,0.818949759,0.915051838,0.03572813,1.6,0.958333333
9081600,0.859049931,0.937062442,0.968019856,0.795721855,0.824367285,0.935136003,-0.056211237,1.5,0.666666667
9107000,0.795230612,0.282625496,0.531625335,0.666511138,0.775917172,0.921307471,-0.180107176,1.2,0.695652174
9210500,0.255118608,0.226816773,0.476252846,0.647901174,1.077706456,0.657351214,0.017134987,1.555555556,0.888888889
9223000,0.666054815,0.49897489,0.706381547,0.732467356,0.831933022,0.818033655,-0.054139227,0.7,0.714285714
9306242,0.005115807,0.009167514,0.095747135,0.113679772,0.58079803,0.330823398,0.204550877,1.666666667,0.695652174
9312600,0.539398164,0.195665047,0.442340419,0.737510998,0.993732274,0.770049154,0.059526857,1.625,0.65
9352900,0.751970604,1.6712327,1.292761656,0.734573007,0.798590004,0.875389125,-0.09185531,1.076923077,0.642857143
9378170,0.066982627,0.260963112,0.510845488,0.171097649,1.460487604,0.771547854,0.231658638,1.333333333,0.793103448
9386900,0.138183713,0.210810602,0.459141157,0.001675349,0.168039292,0.501859727,-0.04736387,1.230769231,0.775510204
9404450,0.006277323,0.037614498,0.193944575,0.542505893,1.270680308,0.640270604,0.079073824,1.142857143,0.734693878
9430600,0.287307739,1.248152018,1.11720724,0.6643377,1.118814111,0.687877681,0.012713907,0.277777778,0.710526316
9447800,0.197058797,0.295540422,0.543636296,0.111509396,0.117655039,0.896275089,-0.001056123,0.714285714,0.444444444
9484600,-3.031421185,0.013325539,0.1154363,-3.034066589,2.287721634,0.622296159,0.803138435,0.615384615,0.5
9492400,0.647859633,0.295694202,0.543777714,0.570136094,0.641406357,0.838994617,-0.130427092,0.647058824,0.628571429
9494000,0.717198461,0.066932693,0.258713535,0.681080886,0.72295332,0.858847911,0.044203039,0.916666667,0.636363636
9497980,0.73734948,0.116876319,0.341871787,0.851710242,0.945273638,0.862660397,0.002920057,0.333333333,0.459459459
9505350,0.669115186,0.961732388,0.980679554,0.598112965,0.676058292,0.833543295,0.029625682,0.7,0.583333333
9505800,0.588392884,0.624208868,0.790068901,0.430515632,0.819516122,0.774868406,0.100173667,0.6,0.555555556
9508300,0.561539382,3.300598145,1.816754839,0.370587183,0.477314234,0.829052805,-0.045488432,0.222222222,0.5
9510200,0.673878253,0.460534394,0.678626844,0.490915535,0.579891682,0.872473036,-0.041558381,0.222222222,0.606060606
9512280,0.648315728,0.346623838,0.588747686,0.567566304,0.646566033,0.824931496,0.019544026,0.5,0.425
9513780,0.452890277,2.350634098,1.533177778,0.274344251,0.381696612,0.785477752,-0.032339595,0.777777778,0.486486486
10234500,0.402117491,0.282974392,0.531953374,0.641271166,0.906623542,0.681080378,-0.104323089,1.7,0.851851852
10244950,0.477917016,0.083994806,0.289818574,0.748360195,1.068359017,0.757858764,-0.004735563,1.333333333,0.8
10259000,0.520057768,0.315851927,0.562007052,0.459905635,0.767475247,0.745661775,-0.188355714,0.875,0.545454545
10336645,0.713072538,5.108775616,2.260260077,0.606014138,0.680754662,0.871529507,-0.100479282,0.307692308,0.518518519
10336660,0.71054849,11.47401714,3.387331862,0.588181649,0.641455829,0.879791123,-0.081732765,0.461538462,0.65625
10343500,0.462786853,3.483008623,1.866282032,0.47584665,0.60324049,0.688745622,-0.065364905,0.3,0.580645161
11124500,0.62189135,0.970010519,0.98489112,0.642801934,0.805966318,0.791392248,-0.064791448,0.714285714,0.409090909
11141280,0.568889558,0.695057869,0.833701307,0.65408564,0.926496208,0.776915228,-0.111055076,0.444444444,0.5
11143000,0.816054657,4.871677876,2.207187775,0.903379331,1.034509301,0.91170181,0.007991518,0.5,0.206896552
11148900,0.770926371,5.933735847,2.435926076,0.73707349,0.779612362,0.884461542,0.018774809,0.555555556,0.466666667
11151300,0.703049332,0.105868094,0.325373775,-0.027296983,0.968012035,0.860603636,0.161408752,0.333333333,0.451612903
11176400,0.582757473,1.017089009,1.008508309,0.47419907,0.603783846,0.787633227,-0.061709084,0.5,0.516129032
11230500,0.661104143,2.808428049,1.675836522,0.585598408,0.723418713,0.83784249,-0.166682631,1.363636364,0.714285714
11237500,0.682889223,6.933474064,2.633149077,0.65991866,0.711289525,0.836457126,-0.033232741,0.583333333,0.615384615
11264500,0.711190969,3.233220816,1.798115907,0.676098848,0.76005131,0.854297067,-0.098743372,0.769230769,0.714285714
11266500,0.700135589,3.435600996,1.853537428,0.676914723,0.75502187,0.846250546,-0.087645076,0.666666667,0.59375
11284400,0.666035712,3.04284811,1.744376138,0.637591218,0.680382252,0.829653757,-0.002758388,0.333333333,0.172413793
11381500,0.767077118,2.87649703,1.696023888,0.817565096,0.881346285,0.87683441,0.04172704,0.357142857,0.536585366
11451100,0.66909644,12.81890392,3.580349693,0.583854781,0.706815124,0.831247501,-0.079953566,0.583333333,0.424242424
11468500,0.809535354,5.695387363,2.386501071,0.776136798,0.799773157,0.906084457,-0.012310676,0.666666667,0.441176471
11473900,0.776955396,4.386541367,2.094407164,0.838479848,0.971620679,0.886794684,0.047476221,0.4375,0.358974359
11475560,0.790805563,19.68464279,4.436737855,0.850982721,0.909550667,0.889653193,0.016772632,0.538461538,0.305555556
11476600,0.845262587,10.82830143,3.290638453,0.861959251,0.930808127,0.92023343,0.0381466,0.166666667,0.393939394
11478500,0.869809717,9.160414696,3.026617699,0.845093088,0.892876923,0.934357352,0.038643826,0.384615385,0.487179487
11480390,0.855810717,5.87027359,2.422864749,0.84920357,0.953702569,0.926698849,0.047231644,0.357142857,0.473684211
11481200,0.762078181,10.91301632,3.30348548,0.787543363,0.845822752,0.874113399,-0.034579121,0.5,0.630434783
11482500,0.879015356,4.519664288,2.125950208,0.900020094,0.926073372,0.937728302,-0.013534402,0.428571429,0.25
11522500,0.859850898,1.566228867,1.251490658,0.888096467,0.914873362,0.927365623,0.000217738,0.214285714,0.342857143
11523200,0.734940618,5.311053753,2.304572358,0.745956498,0.813986421,0.860711135,0.060826015,0.375,0.575
11528700,0.809990615,2.640533924,1.624971976,0.831350956,0.876273632,0.900718087,0.026550658,0.230769231,0.6
11532500,0.848696366,14.00118732,3.741816046,0.881853457,0.922326744,0.921568126,-0.024308115,0.235294118,0.372093023
12010000,0.869579643,19.24458694,4.386865275,0.857798186,0.910081983,0.934590557,-0.057264339,0.058823529,0.217391304
12013500,0.862662882,8.679317474,2.946068138,0.868488085,1.023112893,0.935468976,0.068977319,0.3125,0.181818182
12020000,0.810678646,16.28000641,4.034848995,0.872525594,0.944197893,0.901967083,0.032901935,0.214285714,0.133333333
12025700,0.820811018,9.36826992,3.060762964,0.887745318,0.942622125,0.906858292,-0.0173747,0.647058824,0.387755102
12035000,0.875646807,13.98981953,3.740296716,0.83574727,0.858319044,0.940144831,-0.039115887,0.285714286,0.177777778
12040500,0.766338676,58.75275803,7.66503477,0.663283757,0.689452827,0.902820048,-0.056743391,0.227272727,0.296296296
12041200,0.7376571,35.35815048,5.946271982,0.827449493,0.907030404,0.86086327,0.036014989,0.25,0.444444444
12048000,0.561352104,2.30517602,1.518280613,0.613373831,0.727916121,0.768064992,-0.164194182,0.285714286,0.5
12054000,0.684107989,14.24661446,3.774468765,0.838159257,0.981616318,0.839278229,-0.004452669,0.714285714,0.454545455
12056500,0.67871967,38.92156219,6.238714787,0.833644673,0.992377698,0.838717195,0.033395853,0.333333333,0.327586207
12073500,0.829821542,1.252076626,1.118962299,0.852501445,0.917195022,0.912608563,-0.054879643,0.181818182,0.236842105
12082500,0.780232161,6.090600967,2.467914295,0.812830255,0.867980659,0.8868083,-0.076435126,0.166666667,0.327272727
12092000,0.714655012,5.121210575,2.263009186,0.759572837,0.818598032,0.847468181,-0.052094098,0.380952381,0.369230769
12114500,0.710407138,15.15161991,3.892508177,0.671167597,0.730742991,0.859167476,-0.106154546,0.4,0.403846154
12115000,0.723444283,15.88709736,3.985862185,0.678943835,0.727637708,0.865599932,-0.082373448,0.4,0.365384615
12117000,0.802972585,6.031227589,2.455855775,0.771703336,0.857767701,0.910489217,-0.152441829,0.277777778,0.226415094
12143600,0.779275358,14.10366535,3.755484703,0.767862883,0.819514871,0.889045208,-0.079319425,0.333333333,0.350877193
12144000,0.80439131,9.01806736,3.003009717,0.827075396,0.898896933,0.902394074,-0.099556379,0.45,0.267857143
12145500,0.879895575,4.986021519,2.232940106,0.854565457,0.895573497,0.940527294,-0.051722091,0.047619048,0.240740741
12147500,0.800195277,16.56232643,4.069683824,0.779536247,0.823284566,0.901657258,-0.081536971,0.173913043,0.323529412
12167000,0.744969159,21.95504951,4.685621572,0.6518547,0.693460584,0.890146686,-0.093308933,0.294117647,0.490909091
12175500,0.768720821,6.124794483,2.474832213,0.835509857,0.905527949,0.879900428,-0.069621623,0.5,0.52173913
12178100,0.750326812,9.397121429,3.065472464,0.832683043,0.899941683,0.867028502,-0.018121107,0.47826087,0.456140351
12186000,0.726261169,14.19359303,3.767438523,0.822540468,0.913197041,0.856000442,-0.056605045,0.380952381,0.444444444
12189500,0.684775949,8.899802208,2.983253628,0.718182173,0.797715366,0.838113819,-0.126596972,0.571428571,0.527272727
12375900,0.782955483,1.886901259,1.373645245,0.814134182,0.906831145,0.8906552,-0.100247368,0.818181818,0.818181818
12377150,0.859655902,3.29250288,1.814525525,0.757518834,0.817302883,0.943202904,-0.118848704,0.4,0.68
12381400,0.751729295,0.586368501,0.765747022,0.786652131,0.833015144,0.867753499,0.007751574,0.5,0.55
12383500,0.732211351,0.329520464,0.57403873,0.837672252,0.998864651,0.874670197,-0.131955981,1.1,0.869565217
12390700,0.666709244,0.811656177,0.900919629,0.675831499,0.770141721,0.827068502,-0.118711434,1.153846154,0.615384615
12411000,0.693793654,2.534753084,1.59209079,0.706522087,0.81608963,0.841466961,-0.116742969,0.384615385,0.527777778
12447390,0.754614994,1.846994638,1.359041809,0.766450381,0.805185139,0.871189864,-0.000403227,0.6,0.681818182
12451000,0.79120104,4.604584694,2.145829605,0.825946444,0.900149703,0.894011797,-0.089545369,0.533333333,0.64516129
12488500,0.651110023,3.857751846,1.964116047,0.5760941,0.645677984,0.845208886,-0.153151661,0.352941176,0.5
13011500,0.682750165,3.539769173,1.88142743,0.529272535,0.627955854,0.871251259,-0.130904242,1.4,0.578947368
13011900,0.788665175,1.266874075,1.125555008,0.609363945,0.674035251,0.936093037,-0.137588993,0.9,0.85
13018300,0.797846571,0.466761708,0.683199611,0.715386673,0.789453447,0.910369165,-0.127690345,0.555555556,0.444444444
13023000,0.801375434,0.464213282,0.681331991,0.651151662,0.703896582,0.937812362,-0.152970582,1.1,0.75
13161500,0.684445649,0.038173243,0.195379742,0.762791158,1.071418762,0.861702894,0.118766569,1.444444444,0.739130435
13235000,0.717216611,1.246707201,1.116560433,0.660178527,0.747547686,0.870993681,-0.161785215,0.333333333,0.538461538
13240000,0.714451522,6.369565487,2.523799811,0.551598669,0.651593745,0.891851362,-0.152392864,0.416666667,0.724137931
13313000,0.818490997,1.108271599,1.052744793,0.813010401,0.882986009,0.907687251,-0.069245964,1.333333333,0.695652174
13331500,0.836643115,0.784478426,0.885707867,0.800769182,0.864005327,0.922234664,-0.10238646,1.071428571,0.545454545
14020000,0.66127044,1.807789564,1.344540652,0.743587305,0.825666785,0.81346737,0.017603816,0.588235294,0.255813953
14096850,0.525381684,0.394396722,0.628010129,0.40967013,0.498011053,0.799876276,-0.152636066,0.222222222,0.342857143
14137000,0.840723857,4.953296661,2.225600292,0.791082589,0.830166876,0.925848016,-0.085532673,0.4,0.185185185
14138800,0.786410421,24.82241631,4.982209982,0.827285175,0.891501427,0.888036642,0.046761569,0.272727273,0.232142857
14138870,0.797612712,13.53025055,3.678348889,0.898655812,1.003241539,0.899167256,0.007587862,0.333333333,0.35
14138900,0.744012594,28.53307343,5.341635838,0.864167058,0.967102408,0.868211999,0.000392577,0.5,0.263157895
14139800,0.807926252,17.19710922,4.146939742,0.855900568,0.932317793,0.901539641,-0.062451169,0.47826087,0.333333333
14141500,0.83997792,8.904281616,2.984004292,0.893707762,0.949074864,0.917747318,-0.036066666,0.52173913,0.338983051
14154500,0.849044666,2.97842145,1.725810375,0.807150346,0.839341819,0.926815277,-0.047857024,0.368421053,0.4
14158790,0.769792423,14.20895481,3.769476729,0.781991066,0.836853802,0.880219052,-0.05579105,0.352941176,0.340425532
14166500,0.828121588,3.269923449,1.808292965,0.781571582,1.097416282,0.931132431,0.105998538,0.454545455,0.175
14182500,0.744648039,22.95441246,4.791076336,0.777680822,0.824517906,0.863847822,0.006181197,0.368421053,0.4
14185000,0.865089342,5.924806118,2.434092463,0.886056526,0.910034776,0.930332491,0.004147944,0.05,0.333333333
14185900,0.849419564,13.02389622,3.608863563,0.843540006,0.864281356,0.92360074,-0.009999304,0.3,0.235294118
14187000,0.87020269,4.017522812,2.004375916,0.862363953,0.883212268,0.93450301,-0.021504769,0.315789474,0.340425532
14216500,0.711382508,16.87409973,4.107809603,0.659277241,0.718692958,0.863628136,-0.116037942,0.466666667,0.363636364
14222500,0.842725456,9.570975304,3.093699291,0.788876621,0.818140745,0.926044369,-0.056475889,0.157894737,0.235294118
14236200,0.780247673,13.46887875,3.669997104,0.689021963,0.753012538,0.904025273,-0.11920204,0.5,0.333333333
14301000,0.908596583,3.476995468,1.864670338,0.889149595,0.904056191,0.954779863,-0.020859392,0.6,0.214285714
14303200,0.804613799,17.8454361,4.224385884,0.715116015,0.738816381,0.915450834,-0.047293782,0.461538462,0.30952381
14305500,0.865269765,15.69482899,3.961669975,0.928752102,0.980864525,0.931511578,0.002887772,0.2,0.288888889
14306340,0.81384477,12.12033653,3.48142737,0.762205777,0.784130096,0.911449682,-0.026181253,0.666666667,0.288888889
14306500,0.891302571,4.381262779,2.093146622,0.918190956,0.986724555,0.945758941,0.038460612,0.666666667,0.166666667
14308990,0.736706436,2.493260145,1.579006062,0.581377017,0.619438112,0.908183611,-0.0686808,0.083333333,0.25
14309500,0.841453418,4.356397629,2.087198512,0.853372269,0.895312309,0.918127605,0.03137422,0.538461538,0.421052632
14316700,0.826860622,4.788866997,2.188348006,0.766955202,0.801134527,0.918464854,-0.054319855,0.421052632,0.29787234
14325000,0.835564524,9.956074715,3.155324819,0.837142245,0.86203891,0.915735453,0.011116259,0.4375,0.333333333
14362250,0.758928508,0.278527826,0.527757355,0.71685151,1.048159122,0.88976421,0.087537833,0.444444444,0.392857143
14400000,0.876642749,22.63135529,4.757242403,0.887128485,0.916385233,0.9368399,-0.024654392,0.666666667,0.422222222
,0.6468,3.4961,1.5774,0.6481,0.8046,0.8260,-0.0516,0.5039,0.4254
